Country,Name,Language,Time(UTC),Type,Price,Capacity,Booked
SaudiArabia,RiyadhFrontRiyadh,English,00:00,GoldStandard,"3,182₹",32,9
SaudiArabia,TheRoofRiyadh,English,00:00,VipPremium,"1,697₹",48,4
SaudiArabia,RedSeaMallJeddah,English,00:30,GoldStandard,"2,334₹",48,16
SaudiArabia,RiyadhParkRiyadh,English,00:45,StandardPremium,"1,909₹",122,2
SaudiArabia,RiyadhParkRiyadh,English,00:45,Standard,"1,697₹",134,4
SaudiArabia,TheRoofRiyadh,English,00:50,StandardPremium,"1,379₹",52,0
SaudiArabia,TheRoofRiyadh,English,00:50,Standard,"1,167₹",37,5
SaudiArabia,RedSeaMallJeddah,English,00:59,StandardPremium,"1,379₹",92,4
SaudiArabia,RedSeaMallJeddah,English,00:59,Standard,"1,167₹",68,5
SaudiArabia,RedSeaMallJeddah,English,00:59,StandardWheelchairSpace,"1,167₹",3,0
SaudiArabia,RiyadhFrontRiyadh,English,01:15,MaxPremium,"1,909₹",146,2
SaudiArabia,RiyadhFrontRiyadh,English,01:15,MaxStandard,"1,697₹",125,2
SaudiArabia,RiyadhFrontRiyadh,English,01:15,MaxLounger,"2,121₹",10,0
SaudiArabia,RiyadhFrontRiyadh,English,01:45,StandardPremium,"1,379₹",65,7
SaudiArabia,RiyadhFrontRiyadh,English,01:45,Standard,"1,167₹",70,3
SaudiArabia,RedSeaMallJeddah,English,01:55,StandardPremium,"1,379₹",92,2
SaudiArabia,RedSeaMallJeddah,English,01:55,Standard,"1,167₹",68,2
SaudiArabia,RedSeaMallJeddah,English,01:55,StandardWheelchairSpace,"1,167₹",3,0
SaudiArabia,RedSeaMallJeddah,English,02:00,GoldStandard,"2,334₹",48,2
SaudiArabia,RedSeaMallJeddah,English,04:45,StandardPremium,"1,379₹",92,4
SaudiArabia,RedSeaMallJeddah,English,04:45,Standard,"1,167₹",68,0
SaudiArabia,RedSeaMallJeddah,English,04:45,StandardWheelchairSpace,"1,167₹",3,0
SaudiArabia,RiyadhFrontRiyadh,English,05:00,MaxPremium,"1,909₹",146,4
SaudiArabia,RiyadhFrontRiyadh,English,05:00,MaxStandard,"1,697₹",125,0
SaudiArabia,RiyadhFrontRiyadh,English,05:00,MaxLounger,"2,121₹",10,0
SaudiArabia,RedSeaMallJeddah,English,05:00,GoldStandard,"2,334₹",48,2
SaudiArabia,RiyadhFrontRiyadh,English,05:45,StandardPremium,"1,379₹",65,3
SaudiArabia,RiyadhFrontRiyadh,English,05:45,Standard,"1,167₹",70,8
SaudiArabia,TownSquareJeddah,English,06:00,StandardPremium,"1,379₹",76,3
SaudiArabia,TownSquareJeddah,English,06:00,Standard,"1,167₹",75,0
SaudiArabia,RiyadhFrontRiyadh,English,06:00,GoldStandard,"3,182₹",32,10
SaudiArabia,RiyadhFrontRiyadh,English,06:15,StandardPremium,"1,379₹",65,2
SaudiArabia,RiyadhFrontRiyadh,English,06:15,Standard,"1,167₹",70,5
Uae,CityCentreMirdif,English,06:15,MaxStandard,868₹,168,1
Uae,CityCentreMirdif,English,06:15,MaxVip,"1,253₹",208,14
SaudiArabia,RiyadhFrontRiyadh,English,06:30,GoldStandard,"3,182₹",32,6
SaudiArabia,RedSeaMallJeddah,English,06:55,GoldStandard,"2,334₹",48,6
SaudiArabia,TheRoofRiyadh,English,07:00,StandardPremium,"1,379₹",57,6
SaudiArabia,TheRoofRiyadh,English,07:00,Standard,"1,167₹",41,5
SaudiArabia,AlQasrMallRiyadh,English,07:00,StandardPremium,"1,379₹",57,0
SaudiArabia,AlQasrMallRiyadh,English,07:00,Standard,"1,167₹",56,0
SaudiArabia,TownSquareJeddah,English,07:00,StandardPremium,"1,379₹",76,2
SaudiArabia,TownSquareJeddah,English,07:00,Standard,"1,167₹",75,0
Uae,CityCentreMirdif,English,07:05,StandardPremium,"1,041₹",71,6
Uae,CityCentreMirdif,English,07:05,Standard,797₹,70,2
SaudiArabia,RedSeaMallJeddah,English,07:15,StandardPremium,"1,379₹",92,14
SaudiArabia,RedSeaMallJeddah,English,07:15,Standard,"1,167₹",68,2
SaudiArabia,RedSeaMallJeddah,English,07:15,StandardWheelchairSpace,"1,167₹",3,0
SaudiArabia,KingdomCentreRiyadh,English,07:30,VipStandard,"3,182₹",30,21
SaudiArabia,RiyadhFrontRiyadh,English,07:30,MaxPremium,"1,909₹",146,4
SaudiArabia,RiyadhFrontRiyadh,English,07:30,MaxStandard,"1,697₹",125,3
SaudiArabia,RiyadhFrontRiyadh,English,07:30,MaxLounger,"2,121₹",10,0
SaudiArabia,RiyadhParkRiyadh,English,07:30,StandardPremium,"1,379₹",32,5
SaudiArabia,RiyadhParkRiyadh,English,07:30,Standard,"1,167₹",32,1
SaudiArabia,TheRoofRiyadh,English,07:30,StandardPremium,"1,379₹",30,10
SaudiArabia,TheRoofRiyadh,English,07:30,Standard,"1,167₹",19,2
Bahrain,CityCentreBahrain,English,07:30,Standard,824₹,482,0
SaudiArabia,RedSeaMallJeddah,English,07:40,GoldStandard,"2,334₹",48,15
SaudiArabia,KingdomCentreRiyadh,English,07:45,VipStandard,"3,182₹",30,15
SaudiArabia,RedSeaMallJeddah,English,07:50,StandardPremium,"1,379₹",66,16
SaudiArabia,RedSeaMallJeddah,English,07:50,Standard,"1,167₹",60,8
SaudiArabia,RedSeaMallJeddah,English,07:50,StandardWheelchairSpace,"1,167₹",3,0
Uae,AbuDhabiMallAbuDhabi,English,08:00,MaxStandard,944₹,68,4
Uae,AbuDhabiMallAbuDhabi,English,08:00,MaxPremium,"1,193₹",98,8
Uae,NakheelMall,English,08:00,MaxWithLaserPremium,"1,253₹",250,1
Uae,YasMallAbuDhabi,English,08:00,MaxStandard,944₹,260,2
Uae,YasMallAbuDhabi,English,08:00,MaxPremium,"1,345₹",196,27
Uae,YasMallAbuDhabi,English,08:00,MaxLounger,868₹,14,3
SaudiArabia,WestAvenueMallDammam,English,08:00,MaxPremium,"1,909₹",98,4
SaudiArabia,WestAvenueMallDammam,English,08:00,MaxStandard,"1,697₹",126,2
SaudiArabia,AlQasrMallRiyadh,English,08:00,MaxPremium,"1,909₹",88,0
SaudiArabia,AlQasrMallRiyadh,English,08:00,MaxStandard,"1,697₹",60,0
SaudiArabia,AlQasrMallRiyadh,English,08:00,MaxLounger,"2,121₹",8,0
Oman,CityCentreQurum,English,08:00,Standard,762₹,53,1
Oman,CityCentreQurum,English,08:00,StandardPremium,933₹,59,4
SaudiArabia,JubailGalleriaMallJubail,English,08:00,Standard,"1,379₹",85,6
SaudiArabia,KingdomCentreRiyadh,English,08:00,VipStandard,"3,182₹",24,16
SaudiArabia,RiyadhParkRiyadh,English,08:00,VipPremium,"1,697₹",34,11
SaudiArabia,TheRoofRiyadh,English,08:00,VipPremium,"1,697₹",48,5
Uae,CityCentreMirdif,English,08:00,StandardPremium,"1,041₹",128,14
Uae,CityCentreMirdif,English,08:00,Standard,797₹,133,6
Uae,MallOfTheEmirates,English,08:00,Standard,797₹,75,3
Uae,MallOfTheEmirates,English,08:00,StandardPremium,"1,041₹",102,32
Uae,Burjuman,English,08:05,Standard,797₹,31,10
Uae,MegaplexCineplexGrandHyatt,English,08:05,Standard,797₹,66,0
Uae,MegaplexCineplexGrandHyatt,English,08:05,StandardPremium,"1,041₹",71,5
Uae,CityCentreSharjah,English,08:10,Standard,797₹,40,3
Uae,CityCentreSharjah,English,08:10,StandardPremium,"1,041₹",36,4
Uae,CityCentreDeira,English,08:15,StandardPremium,"1,041₹",105,26
Uae,CityCentreDeira,English,08:15,Standard,797₹,154,9
SaudiArabia,RiyadhFrontRiyadh,English,08:15,StandardPremium,"1,379₹",65,8
SaudiArabia,RiyadhFrontRiyadh,English,08:15,Standard,"1,167₹",70,6
Uae,MegaplexCineplexGrandHyatt,English,08:15,Standard,797₹,36,6
Uae,MegaplexCineplexGrandHyatt,English,08:15,StandardPremium,"1,041₹",58,1
SaudiArabia,TownSquareJeddah,English,08:20,StandardPremium,"1,379₹",76,4
SaudiArabia,TownSquareJeddah,English,08:20,Standard,"1,167₹",75,0
Uae,TheGalleriaAlMaryahIsland,English,08:30,Premium,"1,736₹",173,14
Uae,CityCentreAlZahia,English,08:45,MaxPremium,"1,253₹",202,13
Uae,CityCentreAlZahia,English,08:45,MaxStandard,868₹,128,0
Uae,CityCentreAlZahia,English,08:45,MaxLounger,797₹,14,0
Uae,MallOfTheEmirates,English,08:45,Standard,797₹,80,2
Uae,MallOfTheEmirates,English,08:45,StandardPremium,"1,041₹",106,36
Uae,CityCentreMirdif,English,08:45,MaxStandard,868₹,168,3
Uae,CityCentreMirdif,English,08:45,MaxVip,"1,253₹",208,27
Oman,CityCentreSuhar,English,08:45,MaxPremium,869₹,146,4
Oman,CityCentreSuhar,English,08:45,MaxStandard,652₹,148,0
SaudiArabia,WestAvenueMallDammam,English,08:45,StandardPremium,"1,379₹",84,0
SaudiArabia,WestAvenueMallDammam,English,08:45,Standard,"1,167₹",74,1
Uae,NakheelMall,English,08:45,StandardPremium,"1,041₹",90,20
Uae,WafiMallAtWafiCity,English,08:45,MaxStandard,868₹,191,5
Uae,WafiMallAtWafiCity,English,08:45,MaxPremium,"1,139₹",277,0
Egypt,MallOfEgypt,English,09:00,MaxStandard,492₹,118,3
Egypt,MallOfEgypt,English,09:00,MaxPremium,533₹,103,15
Egypt,CityCentreAlmaza,English,09:00,GoldStandard,902₹,38,10
Oman,Azaiba,English,09:00,Standard,588₹,101,4
Oman,Azaiba,English,09:00,StandardPremium,695₹,30,0
Oman,CityCentreMuscat,English,09:00,MaxStandard,869₹,147,9
Oman,CityCentreMuscat,English,09:00,MaxPremium,"1,087₹",114,9
Oman,CityCentreQurum,English,09:00,MaxStandard,869₹,139,0
Oman,CityCentreQurum,English,09:00,MaxPremium,"1,087₹",87,9
Oman,MallOfOman,English,09:00,StandardPremium,933₹,82,8
Oman,MallOfOman,English,09:00,Standard,762₹,150,5
Oman,Mgm,English,09:00,MaxPremium,975₹,86,0
Oman,Mgm,English,09:00,MaxStandard,868₹,82,4
Oman,NizwaGrandMall,English,09:00,MaxStandard,652₹,112,4
Oman,NizwaGrandMall,English,09:00,MaxPremium,869₹,110,4
SaudiArabia,RiyadhFrontRiyadh,English,09:00,GoldStandard,"3,182₹",32,7
Uae,AbuDhabiMallAbuDhabi,English,09:00,Standard,865₹,92,0
Uae,AbuDhabiMallAbuDhabi,English,09:00,StandardPremium,"1,103₹",42,7
Uae,Burjuman,English,09:00,VipPremium,"1,367₹",50,1
Uae,CityCentreSharjah,English,09:00,KidsPremium,"1,367₹",40,0
Uae,MegaplexCineplexGrandHyatt,English,09:00,Standard,795₹,207,0
Uae,MegaplexCineplexGrandHyatt,English,09:00,StandardPremium,"1,039₹",89,0
Uae,TheGalleriaAlMaryahIsland,English,09:00,Couch2SeaterCouch,"2,279₹",50,2
Uae,YasMallAbuDhabi,English,09:00,MaxStandard,944₹,69,0
Uae,YasMallAbuDhabi,English,09:00,MaxPremium,"1,345₹",126,27
Uae,YasMallAbuDhabi,English,09:00,MaxLounger,868₹,10,0
Oman,Mgm,English,09:00,KidsStandard,762₹,46,2
Lebanon,CityCentreBeirut,English,09:15,Standard,"4,494₹",92,3
Lebanon,CityCentreBeirut,English,09:15,StandardVip,"5,022₹",58,1
Oman,CityCentreSuhar,English,09:15,Standard,652₹,50,0
Oman,CityCentreSuhar,English,09:15,StandardPremium,762₹,28,4
SaudiArabia,RiyadhFrontRiyadh,English,09:15,GoldStandard,"3,182₹",12,2
SaudiArabia,AlQasrMallRiyadh,English,09:15,StandardPremium,"1,379₹",57,0
SaudiArabia,AlQasrMallRiyadh,English,09:15,Standard,"1,167₹",56,0
Bahrain,CityCentreBahrain,English,09:15,LuxuryVipVip,"3,257₹",64,2
SaudiArabia,TownSquareJeddah,English,09:20,StandardPremium,"1,379₹",76,4
SaudiArabia,TownSquareJeddah,English,09:20,Standard,"1,167₹",75,0
Kuwait,TheAvenuesKuwait,English,09:25,MaxPremium,"1,289₹",316,66
SaudiArabia,TheRoofRiyadh,English,09:25,StandardPremium,"1,379₹",57,10
SaudiArabia,TheRoofRiyadh,English,09:25,Standard,"1,167₹",41,0
SaudiArabia,RiyadhParkRiyadh,English,09:30,StandardPremium,"1,909₹",122,6
SaudiArabia,RiyadhParkRiyadh,English,09:30,Standard,"1,697₹",134,1
Bahrain,VoxCinemasTheAvenues,English,09:30,MaxPremium,"1,396₹",165,9
Bahrain,VoxCinemasTheAvenues,English,09:30,MaxStandard,930₹,104,2
Oman,NizwaGrandMall,English,09:30,Standard,652₹,28,0
Oman,NizwaGrandMall,English,09:30,StandardPremium,762₹,30,3
SaudiArabia,RedSeaMallJeddah,English,09:30,GoldStandard,"2,334₹",48,24
Uae,MallOfTheEmirates,English,09:30,Standard,797₹,70,14
Uae,MallOfTheEmirates,English,09:30,StandardPremium,"1,041₹",69,42
SaudiArabia,RedSeaMallJeddah,English,09:45,StandardPremium,"1,379₹",92,42
SaudiArabia,RedSeaMallJeddah,English,09:45,Standard,"1,167₹",68,5
SaudiArabia,RedSeaMallJeddah,English,09:45,StandardWheelchairSpace,"1,167₹",3,0
Egypt,MallOfEgypt,English,09:45,Standard,451₹,130,9
Egypt,MallOfEgypt,English,09:45,StandardVip,492₹,126,27
Uae,WafiMallAtWafiCity,English,09:45,Standard,797₹,52,0
Uae,WafiMallAtWafiCity,English,09:45,StandardPremium,"1,041₹",91,4
Bahrain,CityCentreBahrain,English,09:45,Standard,824₹,482,30
Kuwait,TheAvenuesKuwait,English,10:00,HubStandard,"2,579₹",60,42
Uae,NakheelMall,English,10:00,TheatreStandard,"3,646₹",16,14
Uae,YasMallAbuDhabi,English,10:00,TheatreStandard,"3,907₹",36,23
SaudiArabia,AtyafMallRiyadh,English,10:00,Standard,"1,167₹",30,1
SaudiArabia,AtyafMallRiyadh,English,10:00,StandardPremium,"1,379₹",32,0
SaudiArabia,RiyadhFrontRiyadh,English,10:00,MaxPremium,"1,909₹",146,24
SaudiArabia,RiyadhFrontRiyadh,English,10:00,MaxStandard,"1,697₹",125,5
SaudiArabia,RiyadhFrontRiyadh,English,10:00,MaxLounger,"2,121₹",10,0
SaudiArabia,SaharaMallRiyadh,English,10:00,Standard,"1,167₹",61,1
SaudiArabia,SaharaMallRiyadh,English,10:00,StandardPremium,"1,379₹",65,9
Egypt,CityCentreAlmaza,English,10:00,MaxPremium,533₹,46,24
Egypt,CityCentreAlmaza,English,10:00,MaxStandard,492₹,99,7
Qatar,DohaFestivalCity,English,10:00,MaxWithLaserStandard,"1,313₹",165,13
Qatar,DohaFestivalCity,English,10:00,MaxWithLaserPremium,"1,970₹",128,16
Qatar,DohaOasis,English,10:00,CouchSingleSeaterPremium,"1,642₹",252,2
Qatar,DohaOasis,English,10:00,CouchSingleSeaterStandard,"1,423₹",124,0
Oman,MallOfOman,English,10:00,StandardPremium,933₹,26,6
Oman,MallOfOman,English,10:00,Standard,762₹,19,2
SaudiArabia,RiyadhParkRiyadh,English,10:00,StandardPremium,"1,379₹",32,5
SaudiArabia,RiyadhParkRiyadh,English,10:00,Standard,"1,167₹",32,2
Uae,AlHamraMallRasAlKhaimah,English,10:00,Standard,797₹,134,8
Uae,AlHamraMallRasAlKhaimah,English,10:00,StandardPremium,"1,041₹",62,8
Uae,AlJimiMall,English,10:00,StandardVip,"1,107₹",46,12
Uae,AlJimiMall,English,10:00,Standard,868₹,41,8
Uae,Burjuman,English,10:00,StandardPremium,"1,041₹",74,11
Uae,Burjuman,English,10:00,Standard,797₹,50,7
Kuwait,TheAvenuesKuwait,English,10:10,TheatreStandard,"2,837₹",32,25
Oman,Salalah,English,10:10,Standard,434₹,106,0
Oman,Salalah,English,10:10,StandardPremium,652₹,112,0
SaudiArabia,AlQasrMallRiyadh,English,10:15,MaxPremium,"1,909₹",88,0
SaudiArabia,AlQasrMallRiyadh,English,10:15,MaxStandard,"1,697₹",60,0
SaudiArabia,AlQasrMallRiyadh,English,10:15,MaxLounger,"2,121₹",8,0
SaudiArabia,JubailGalleriaMallJubail,English,10:20,Standard,"1,379₹",85,5
SaudiArabia,TheRoofRiyadh,English,10:20,VipPremium,"1,697₹",48,14
Lebanon,CityCentreBeirut,English,10:25,Standard,"4,452₹",134,1
Lebanon,CityCentreBeirut,English,10:25,StandardPremium,"4,976₹",161,2
Uae,AbuDhabiMallAbuDhabi,English,10:30,MaxStandard,944₹,68,7
Uae,AbuDhabiMallAbuDhabi,English,10:30,MaxPremium,"1,193₹",98,25
Uae,CityCentreFujairah,English,10:30,MaxStandard,868₹,141,0
Uae,CityCentreFujairah,English,10:30,MaxPremium,"1,139₹",110,10
Uae,NakheelMall,English,10:30,MaxWithLaserPremium,"1,253₹",250,22
Uae,TheGalleriaAlMaryahIsland,English,10:30,TheatreStandard,"3,907₹",32,21
Uae,YasMallAbuDhabi,English,10:30,MaxStandard,944₹,260,20
Uae,YasMallAbuDhabi,English,10:30,MaxPremium,"1,345₹",196,35
Uae,YasMallAbuDhabi,English,10:30,MaxLounger,868₹,14,3
SaudiArabia,WestAvenueMallDammam,English,10:30,MaxPremium,"1,909₹",98,2
SaudiArabia,WestAvenueMallDammam,English,10:30,MaxStandard,"1,697₹",126,0
Oman,CityCentreQurum,English,10:30,Standard,762₹,53,0
Oman,CityCentreQurum,English,10:30,StandardPremium,933₹,59,4
Oman,MallOfOman,English,10:30,GoldStandard,"1,739₹",48,23
SaudiArabia,KingdomCentreRiyadh,English,10:30,VipStandard,"3,182₹",24,20
SaudiArabia,RiyadhParkRiyadh,English,10:30,VipPremium,"1,697₹",34,22
SaudiArabia,SaharaMallRiyadh,English,10:30,StandardPremium,"1,379₹",48,6
SaudiArabia,SaharaMallRiyadh,English,10:30,Standard,"1,167₹",48,2
Uae,AlHamraMallRasAlKhaimah,English,10:30,VipPremium,"1,367₹",18,11
Uae,CityCentreAjman,English,10:30,MaxStandard,955₹,180,2
Uae,CityCentreAjman,English,10:30,MaxPremium,"1,248₹",189,5
Uae,CityCentreAlZahia,English,10:30,Couch2SeaterCouch,"2,279₹",70,10
Uae,CityCentreMirdif,English,10:30,StandardPremium,"1,041₹",128,30
Uae,CityCentreMirdif,English,10:30,Standard,797₹,133,17
Uae,MallOfTheEmirates,English,10:30,Standard,797₹,75,2
Uae,MallOfTheEmirates,English,10:30,StandardPremium,"1,041₹",102,82
SaudiArabia,TownSquareJeddah,English,10:40,StandardPremium,"1,379₹",76,5
SaudiArabia,TownSquareJeddah,English,10:40,Standard,"1,167₹",75,0
Uae,CityCentreDeira,English,10:45,StandardPremium,"1,041₹",105,38
Uae,CityCentreDeira,English,10:45,Standard,797₹,154,16
Uae,NationTowersAbuDhabi,English,10:45,StandardPremium,"1,345₹",60,30
Uae,NationTowersAbuDhabi,English,10:45,Standard,868₹,64,8
Egypt,CityCentreAlmaza,English,10:45,StandardPremium,492₹,88,36
Egypt,CityCentreAlmaza,English,10:45,Standard,451₹,132,20
SaudiArabia,RiyadhFrontRiyadh,English,10:45,StandardPremium,"1,379₹",65,11
SaudiArabia,RiyadhFrontRiyadh,English,10:45,Standard,"1,167₹",70,11
Uae,MallOfTheEmirates,English,10:45,TheatreStandard,"3,646₹",36,34
Uae,CityCentreMirdif,English,11:00,TheatreStandard,"3,646₹",40,14
Uae,TheGalleriaAlMaryahIsland,English,11:00,Premium,"1,736₹",173,34
SaudiArabia,TheEsplanadeRiyadh,English,11:00,MaxPremium,"1,909₹",142,17
SaudiArabia,TheEsplanadeRiyadh,English,11:00,MaxStandard,"1,697₹",125,6
SaudiArabia,TheEsplanadeRiyadh,English,11:00,MaxLounger,"2,121₹",6,0
Lebanon,CityCentreBeirut,English,11:00,GoldStandard,"6,873₹",22,3
SaudiArabia,RiyadhFrontRiyadh,English,11:00,GoldStandard,"3,182₹",32,12
Uae,CityCentreDeira,English,11:00,GoldStandard,"2,051₹",40,5
SaudiArabia,SaharaMallRiyadh,English,11:00,Standard,"1,167₹",61,0
SaudiArabia,SaharaMallRiyadh,English,11:00,StandardPremium,"1,379₹",65,12
Uae,NakheelMall,English,11:05,TheatreStandard,"3,646₹",16,10
SaudiArabia,RedSeaMallJeddah,English,11:05,GoldStandard,"2,334₹",48,26
Oman,CityCentreSuhar,English,11:10,MaxPremium,869₹,146,6
Oman,CityCentreSuhar,English,11:10,MaxStandard,652₹,148,0
Uae,CityCentreAlZahia,English,11:15,MaxPremium,"1,253₹",202,14
Uae,CityCentreAlZahia,English,11:15,MaxStandard,868₹,128,2
Uae,CityCentreAlZahia,English,11:15,MaxLounger,797₹,14,0
Uae,MallOfTheEmirates,English,11:15,Standard,797₹,80,22
Uae,MallOfTheEmirates,English,11:15,StandardPremium,"1,041₹",106,81
Uae,Mercato,English,11:15,Standard,797₹,76,6
Uae,Mercato,English,11:15,StandardPremium,"1,253₹",101,44
Uae,CityCentreMirdif,English,11:15,MaxStandard,868₹,168,7
Uae,CityCentreMirdif,English,11:15,MaxVip,"1,253₹",208,15
Bahrain,VoxCinemasTheAvenues,English,11:15,Standard,930₹,96,10
Bahrain,VoxCinemasTheAvenues,English,11:15,StandardPremium,"1,163₹",32,6
SaudiArabia,RiyadhFrontRiyadh,English,11:15,StandardPremium,"1,379₹",65,6
SaudiArabia,RiyadhFrontRiyadh,English,11:15,Standard,"1,167₹",70,3
SaudiArabia,WestAvenueMallDammam,English,11:15,StandardPremium,"1,379₹",84,2
SaudiArabia,WestAvenueMallDammam,English,11:15,Standard,"1,167₹",74,3
Uae,AlJimiMall,English,11:15,MaxPremium,"1,345₹",94,24
Uae,AlJimiMall,English,11:15,MaxStandard,944₹,59,0
Uae,CityCentreAlZahia,English,11:15,GoldStandard,"1,470₹",40,30
Uae,CityCentreFujairah,English,11:15,Standard,797₹,86,4
Uae,CityCentreFujairah,English,11:15,StandardPremium,"1,041₹",67,0
Uae,NakheelMall,English,11:15,StandardPremium,"1,041₹",90,36
Uae,NationTowersAbuDhabi,English,11:15,StandardPremium,"1,345₹",60,18
Uae,NationTowersAbuDhabi,English,11:15,Standard,868₹,64,1
Uae,WafiMallAtWafiCity,English,11:15,MaxStandard,868₹,191,4
Uae,WafiMallAtWafiCity,English,11:15,MaxPremium,"1,139₹",277,7
Oman,CityCentreMuscat,English,11:20,MaxStandard,869₹,147,9
Oman,CityCentreMuscat,English,11:20,MaxPremium,"1,087₹",114,14
Oman,MallOfOman,English,11:20,StandardPremium,933₹,82,4
Oman,MallOfOman,English,11:20,Standard,762₹,150,2
Kuwait,TheAvenuesKuwait,English,11:30,TheatreStandard,"2,837₹",32,30
Oman,CityCentreQurum,English,11:30,MaxStandard,869₹,139,0
Oman,CityCentreQurum,English,11:30,MaxPremium,"1,087₹",87,7
Oman,MallOfOman,English,11:30,GoldStandard,"1,736₹",48,16
Oman,NizwaGrandMall,English,11:30,MaxStandard,652₹,112,0
Oman,NizwaGrandMall,English,11:30,MaxPremium,869₹,110,4
Oman,SuharPlaza,English,11:30,Standard,501₹,251,4
SaudiArabia,TheEsplanadeRiyadh,English,11:30,StandardPremium,"1,379₹",32,0
SaudiArabia,TheEsplanadeRiyadh,English,11:30,Standard,"1,167₹",32,0
SaudiArabia,AlQasrMallRiyadh,English,11:30,StandardPremium,"1,379₹",57,0
SaudiArabia,AlQasrMallRiyadh,English,11:30,Standard,"1,167₹",56,0
SaudiArabia,RiyadhFrontRiyadh,English,11:30,GoldStandard,"3,182₹",32,17
Uae,NationTowersAbuDhabi,English,11:30,Standard,868₹,36,0
Uae,NationTowersAbuDhabi,English,11:30,StandardPremium,"1,345₹",48,1
Uae,AbuDhabiMallAbuDhabi,English,11:30,Standard,865₹,92,0
Uae,AbuDhabiMallAbuDhabi,English,11:30,StandardPremium,"1,103₹",42,7
Uae,Burjuman,English,11:30,VipPremium,"1,367₹",50,7
Uae,CityCentreSharjah,English,11:30,StandardPremium,"1,367₹",40,2
Uae,MegaplexCineplexGrandHyatt,English,11:30,Standard,795₹,207,0
Uae,MegaplexCineplexGrandHyatt,English,11:30,StandardPremium,"1,039₹",89,0
Uae,TheGalleriaAlMaryahIsland,English,11:30,Couch2SeaterCouch,"2,279₹",50,42
Uae,YasMallAbuDhabi,English,11:30,MaxStandard,944₹,69,10
Uae,YasMallAbuDhabi,English,11:30,MaxPremium,"1,345₹",126,58
Uae,YasMallAbuDhabi,English,11:30,MaxLounger,868₹,10,0
Bahrain,CityCentreBahrain,English,11:30,LuxuryVipVip,"3,257₹",64,12
Oman,CityCentreSuhar,English,11:35,Standard,652₹,50,0
Oman,CityCentreSuhar,English,11:35,StandardPremium,762₹,28,4
SaudiArabia,TownSquareJeddah,English,11:40,StandardPremium,"1,379₹",76,8
SaudiArabia,TownSquareJeddah,English,11:40,Standard,"1,167₹",75,4
Egypt,MallOfEgypt,English,11:45,MaxStandard,492₹,118,4
Egypt,MallOfEgypt,English,11:45,MaxPremium,533₹,103,38
Egypt,CityCentreAlmaza,English,11:45,GoldStandard,902₹,38,27
Lebanon,CityCentreBeirut,English,11:45,Standard,"4,494₹",92,6
Lebanon,CityCentreBeirut,English,11:45,StandardVip,"5,022₹",58,11
SaudiArabia,AtyafMallRiyadh,English,11:45,Vip,"1,697₹",30,9
SaudiArabia,TheEsplanadeRiyadh,English,11:45,GoldStandard,"3,182₹",32,24
Uae,CityCentreFujairah,English,11:45,VipPremium,"1,367₹",78,9
Uae,YasMallAbuDhabi,English,11:45,TheatreStandard,"3,907₹",36,21
Uae,MegaplexCineplexGrandHyatt,English,11:45,Standard,797₹,60,3
Uae,MegaplexCineplexGrandHyatt,English,11:45,StandardPremium,"1,041₹",70,2
Kuwait,TheAvenuesKuwait,English,11:50,MaxPremium,"1,289₹",316,148
SaudiArabia,TheRoofRiyadh,English,11:50,StandardPremium,"1,379₹",57,13
SaudiArabia,TheRoofRiyadh,English,11:50,Standard,"1,167₹",41,1
Oman,NizwaGrandMall,English,11:50,Standard,652₹,28,0
Oman,NizwaGrandMall,English,11:50,StandardPremium,762₹,30,3
Uae,NakheelMall,English,11:50,TheatreStandard,"3,646₹",16,11
Bahrain,VoxCinemasTheAvenues,English,12:00,MaxPremium,"1,395₹",165,12
Bahrain,VoxCinemasTheAvenues,English,12:00,MaxStandard,930₹,104,2
Uae,MallOfTheEmirates,English,12:00,Standard,797₹,70,16
Uae,MallOfTheEmirates,English,12:00,StandardPremium,"1,041₹",69,41
Uae,WafiMallAtWafiCity,English,12:00,TheatreStandard,"3,646₹",66,2
Bahrain,CityCentreBahrain,English,12:00,Standard,824₹,482,54
Uae,TheGalleriaAlMaryahIsland,English,12:05,StandardPremium,"1,105₹",75,38
Uae,TheGalleriaAlMaryahIsland,English,12:05,Standard,867₹,66,5
SaudiArabia,RedSeaMallJeddah,English,12:15,StandardPremium,"1,377₹",92,39
SaudiArabia,RedSeaMallJeddah,English,12:15,Standard,"1,165₹",68,5
SaudiArabia,RedSeaMallJeddah,English,12:15,StandardWheelchairSpace,"1,165₹",3,0
Oman,Panorama,English,12:15,Standard,652₹,135,8
Oman,Sur,English,12:15,Standard,500₹,252,11
SaudiArabia,TheEsplanadeRiyadh,English,12:15,GoldStandard,"3,179₹",20,15
Uae,CityCentreMirdif,English,12:15,TheatreStandard,"3,643₹",40,4
Uae,CityCentreMirdif,English,12:15,StandardPremium,"1,040₹",71,34
Uae,CityCentreMirdif,English,12:15,Standard,796₹,70,17
Kuwait,TheAvenuesKuwait,English,12:20,HubStandard,"2,575₹",60,48
Qatar,DohaFestivalCity,English,12:20,MaxWithLaserStandard,"1,312₹",165,40
Qatar,DohaFestivalCity,English,12:20,MaxWithLaserPremium,"1,968₹",128,50
Qatar,DohaOasis,English,12:20,CouchSingleSeaterPremium,"1,640₹",252,10
Qatar,DohaOasis,English,12:20,CouchSingleSeaterStandard,"1,421₹",124,0
Oman,MallOfOman,English,12:20,StandardPremium,933₹,26,20
Oman,MallOfOman,English,12:20,Standard,761₹,19,12
SaudiArabia,SaharaMallRiyadh,English,12:25,Standard,"1,165₹",61,7
SaudiArabia,SaharaMallRiyadh,English,12:25,StandardPremium,"1,377₹",65,12
Oman,Mgm,English,12:25,MaxPremium,977₹,86,9
Oman,Mgm,English,12:25,MaxStandard,869₹,82,9
SaudiArabia,RedSeaMallJeddah,English,12:25,StandardPremium,"1,377₹",66,44
SaudiArabia,RedSeaMallJeddah,English,12:25,Standard,"1,165₹",60,6
SaudiArabia,RedSeaMallJeddah,English,12:25,StandardWheelchairSpace,"1,165₹",3,0
Uae,CityCentreAlZahia,English,12:30,GoldStandard,"1,469₹",32,26
SaudiArabia,AtyafMallRiyadh,English,12:30,Standard,"1,165₹",30,8
SaudiArabia,AtyafMallRiyadh,English,12:30,StandardPremium,"1,377₹",32,4
SaudiArabia,AlQasrMallRiyadh,English,12:30,MaxPremium,"1,907₹",88,3
SaudiArabia,AlQasrMallRiyadh,English,12:30,MaxStandard,"1,695₹",60,0
SaudiArabia,AlQasrMallRiyadh,English,12:30,MaxLounger,"2,119₹",8,0
SaudiArabia,KingdomCentreRiyadh,English,12:30,VipStandard,"3,179₹",30,24
SaudiArabia,RiyadhFrontRiyadh,English,12:30,MaxPremium,"1,907₹",146,17
SaudiArabia,RiyadhFrontRiyadh,English,12:30,MaxStandard,"1,695₹",125,3
SaudiArabia,RiyadhFrontRiyadh,English,12:30,MaxLounger,"2,119₹",10,0
Egypt,MallOfEgypt,English,12:30,Standard,454₹,130,14
Egypt,MallOfEgypt,English,12:30,StandardVip,496₹,126,38
Egypt,CityCentreAlmaza,English,12:30,GoldStandard,909₹,34,18
Oman,Salalah,English,12:30,Standard,434₹,108,3
Oman,Salalah,English,12:30,StandardPremium,652₹,112,6
SaudiArabia,RiyadhParkRiyadh,English,12:30,StandardPremium,"1,377₹",32,7
SaudiArabia,RiyadhParkRiyadh,English,12:30,Standard,"1,165₹",32,4
Uae,AlHamraMallRasAlKhaimah,English,12:30,Standard,796₹,134,6
Uae,AlHamraMallRasAlKhaimah,English,12:30,StandardPremium,"1,040₹",62,0
Uae,AlJimiMall,English,12:30,TheatreStandard,"3,903₹",32,30
Uae,AlJimiMall,English,12:30,StandardVip,"1,105₹",46,32
Uae,AlJimiMall,English,12:30,Standard,867₹,41,10
Uae,Burjuman,English,12:30,StandardPremium,"1,040₹",74,12
Uae,Burjuman,English,12:30,Standard,796₹,50,10
Uae,CityCentreDeira,English,12:30,Standard,796₹,96,16
Uae,CityCentreDeira,English,12:30,StandardPremium,"1,040₹",57,20
Uae,MallOfTheEmirates,English,12:45,TheatreStandard,"3,643₹",36,35
Egypt,CityCentreAlmaza,English,12:45,MaxPremium,537₹,46,43
Egypt,CityCentreAlmaza,English,12:45,MaxStandard,496₹,99,25
Lebanon,CityCentreBeirut,English,12:45,Standard,"4,531₹",134,12
Lebanon,CityCentreBeirut,English,12:45,StandardPremium,"5,064₹",161,13
Oman,Shatti,English,12:45,Standard,652₹,185,2
SaudiArabia,KingdomCentreRiyadh,English,12:45,VipStandard,"3,179₹",30,28
SaudiArabia,TheRoofRiyadh,English,12:45,VipPremium,"1,695₹",48,5
SaudiArabia,SaharaMallRiyadh,English,12:45,GoldStandard,"2,331₹",30,7
Uae,CityCentreMirdif,English,12:45,TheatreStandard,"3,643₹",40,10
SaudiArabia,JubailGalleriaMallJubail,English,12:50,Standard,"1,377₹",85,8
SaudiArabia,RedSeaMallJeddah,English,12:50,GoldStandard,"2,331₹",48,34
SaudiArabia,SaharaMallRiyadh,English,12:55,StandardPremium,"1,377₹",48,4
SaudiArabia,SaharaMallRiyadh,English,12:55,Standard,"1,165₹",48,6
Uae,AbuDhabiMallAbuDhabi,English,13:00,MaxStandard,943₹,68,14
Uae,AbuDhabiMallAbuDhabi,English,13:00,MaxPremium,"1,192₹",98,40
Uae,CityCentreFujairah,English,13:00,MaxStandard,867₹,141,3
Uae,CityCentreFujairah,English,13:00,MaxPremium,"1,138₹",110,17
Uae,NakheelMall,English,13:00,MaxWithLaserPremium,"1,252₹",250,47
Uae,YasMallAbuDhabi,English,13:00,MaxStandard,943₹,260,36
Uae,YasMallAbuDhabi,English,13:00,MaxPremium,"1,344₹",196,115
Uae,YasMallAbuDhabi,English,13:00,MaxLounger,867₹,14,3
SaudiArabia,TheSpotSheikhJaberRiyadh,English,13:00,Standard,"1,165₹",66,4
SaudiArabia,TheSpotSheikhJaberRiyadh,English,13:00,StandardPremium,"1,377₹",65,2
SaudiArabia,TownSquareJeddah,English,13:00,StandardPremium,"1,377₹",76,4
SaudiArabia,TownSquareJeddah,English,13:00,Standard,"1,165₹",75,6
SaudiArabia,WestAvenueMallDammam,English,13:00,MaxPremium,"1,907₹",98,9
SaudiArabia,WestAvenueMallDammam,English,13:00,MaxStandard,"1,695₹",126,1
Egypt,MallOfEgypt,English,13:00,GoldStandard,909₹,32,26
Kuwait,TheAvenuesKuwait,English,13:00,TheatreStandard,"2,833₹",32,30
Bahrain,VoxCinemasTheAvenues,English,13:00,TheatreStandard,"2,790₹",32,19
Oman,Azaiba,English,13:00,Standard,587₹,97,9
Oman,CityCentreQurum,English,13:00,Standard,761₹,53,5
Oman,CityCentreQurum,English,13:00,StandardPremium,933₹,59,5
Oman,MallOfOman,English,13:00,GoldStandard,"1,738₹",48,25
SaudiArabia,RiyadhParkRiyadh,English,13:00,VipPremium,"1,695₹",34,22
Uae,CityCentreAjman,English,13:00,MaxStandard,954₹,180,8
Uae,CityCentreAjman,English,13:00,MaxPremium,"1,246₹",189,2
Uae,CityCentreAlZahia,English,13:00,Couch2SeaterCouch,"2,276₹",70,36
Uae,CityCentreMirdif,English,13:00,StandardPremium,"1,040₹",128,45
Uae,CityCentreMirdif,English,13:00,Standard,796₹,133,19
Uae,MallOfTheEmirates,English,13:00,Standard,796₹,75,34
Uae,MallOfTheEmirates,English,13:00,StandardPremium,"1,040₹",102,90
Qatar,DohaOasis,English,13:00,VipStandard,"3,828₹",16,3
Uae,CityCentreDeira,English,13:15,StandardPremium,"1,040₹",105,41
Uae,CityCentreDeira,English,13:15,Standard,796₹,154,11
Uae,NationTowersAbuDhabi,English,13:15,StandardPremium,"1,344₹",60,36
Uae,NationTowersAbuDhabi,English,13:15,Standard,867₹,64,2
SaudiArabia,TabukParkTabuk,English,13:15,Standard,"1,165₹",73,2
SaudiArabia,TabukParkTabuk,English,13:15,StandardPremium,"1,377₹",70,5
Egypt,CityCentreAlmaza,English,13:15,StandardPremium,496₹,42,27
SaudiArabia,TheRoofRiyadh,English,13:15,StandardPremium,"1,377₹",45,4
SaudiArabia,TheRoofRiyadh,English,13:15,Standard,"1,165₹",32,0
SaudiArabia,RiyadhFrontRiyadh,English,13:15,StandardPremium,"1,377₹",65,19
SaudiArabia,RiyadhFrontRiyadh,English,13:15,Standard,"1,165₹",70,11
SaudiArabia,TheSpotSheikhJaberRiyadh,English,13:15,VipPremium,"1,695₹",46,0
Uae,AlJimiMall,English,13:15,TheatreStandard,"3,903₹",24,17
Uae,MallOfTheEmirates,English,13:15,TheatreStandard,"3,643₹",36,35
Uae,NationTowersAbuDhabi,English,13:15,VipPremium,"1,626₹",21,16
SaudiArabia,TheEsplanadeRiyadh,English,13:25,MaxPremium,"1,907₹",142,46
SaudiArabia,TheEsplanadeRiyadh,English,13:25,MaxStandard,"1,695₹",125,2
SaudiArabia,TheEsplanadeRiyadh,English,13:25,MaxLounger,"2,119₹",6,0
SaudiArabia,SaharaMallRiyadh,English,13:25,Standard,"1,165₹",61,5
SaudiArabia,SaharaMallRiyadh,English,13:25,StandardPremium,"1,377₹",65,13
Uae,TheGalleriaAlMaryahIsland,English,13:30,TheatreStandard,"3,903₹",32,20
Uae,TheGalleriaAlMaryahIsland,English,13:30,Premium,"1,734₹",173,49
Egypt,CityCentreAlmaza,English,13:30,GoldStandard,909₹,38,32
Egypt,CityCentreAlmaza,English,13:30,StandardPremium,496₹,88,48
Egypt,CityCentreAlmaza,English,13:30,Standard,454₹,132,9
Lebanon,CityCentreBeirut,English,13:30,GoldStandard,"6,929₹",22,21
Oman,CityCentreSuhar,English,13:30,MaxPremium,869₹,146,4
Oman,CityCentreSuhar,English,13:30,MaxStandard,652₹,148,0
Qatar,DohaOasis,English,13:30,VipStandard,"3,828₹",20,18
Uae,NakheelMall,English,13:30,TheatreStandard,"3,643₹",16,9
Uae,WafiMallAtWafiCity,English,13:30,GoldStandard,"2,049₹",42,13
Uae,TheGalleriaAlMaryahIsland,English,13:35,StandardPremium,"1,105₹",29,23
Uae,TheGalleriaAlMaryahIsland,English,13:35,Standard,867₹,26,7
Qatar,DohaOasis,English,13:40,Standard,984₹,116,21
Oman,CityCentreMuscat,English,13:40,MaxStandard,869₹,147,17
Oman,CityCentreMuscat,English,13:40,MaxPremium,"1,086₹",114,11
Oman,MallOfOman,English,13:40,StandardPremium,933₹,82,7
Oman,MallOfOman,English,13:40,Standard,761₹,150,10
Uae,AlHamraMallRasAlKhaimah,English,13:45,MaxStandard,867₹,171,8
Uae,AlHamraMallRasAlKhaimah,English,13:45,MaxPremium,"1,138₹",100,0
Uae,AlHamraMallRasAlKhaimah,English,13:45,MaxBalcony,"1,366₹",22,5
Uae,CityCentreAlZahia,English,13:45,MaxPremium,"1,252₹",202,36
Uae,CityCentreAlZahia,English,13:45,MaxStandard,867₹,128,34
Uae,CityCentreAlZahia,English,13:45,MaxLounger,796₹,14,0
Uae,CityCentreMirdif,English,13:45,TheatreStandard,"3,643₹",40,20
Uae,MallOfTheEmirates,English,13:45,Standard,796₹,80,32
Uae,MallOfTheEmirates,English,13:45,StandardPremium,"1,040₹",106,81
Uae,Mercato,English,13:45,Standard,796₹,76,25
Uae,Mercato,English,13:45,StandardPremium,"1,252₹",101,65
Uae,CityCentreMirdif,English,13:45,MaxStandard,867₹,168,6
Uae,CityCentreMirdif,English,13:45,MaxVip,"1,252₹",208,60
Bahrain,VoxCinemasTheAvenues,English,13:45,Standard,930₹,96,10
Bahrain,VoxCinemasTheAvenues,English,13:45,StandardPremium,"1,162₹",32,4
SaudiArabia,AlQasrMallRiyadh,English,13:45,StandardPremium,"1,377₹",57,0
SaudiArabia,AlQasrMallRiyadh,English,13:45,Standard,"1,165₹",56,1
SaudiArabia,WestAvenueMallDammam,English,13:45,StandardPremium,"1,377₹",84,5
SaudiArabia,WestAvenueMallDammam,English,13:45,Standard,"1,165₹",74,2
Uae,AlJimiMall,English,13:45,MaxPremium,"1,344₹",94,50
Uae,AlJimiMall,English,13:45,MaxStandard,943₹,59,6
Uae,CityCentreAlZahia,English,13:45,GoldStandard,"1,469₹",40,28
Uae,CityCentreFujairah,English,13:45,Standard,796₹,86,3
Uae,CityCentreFujairah,English,13:45,StandardPremium,"1,040₹",67,17
Uae,NakheelMall,English,13:45,StandardPremium,"1,040₹",90,55
Uae,NationTowersAbuDhabi,English,13:45,StandardPremium,"1,344₹",60,26
Uae,NationTowersAbuDhabi,English,13:45,Standard,867₹,64,4
Uae,WafiMallAtWafiCity,English,13:45,MaxStandard,867₹,191,2
Uae,WafiMallAtWafiCity,English,13:45,MaxPremium,"1,138₹",277,17
Uae,YasMallAbuDhabi,English,13:45,TheatreStandard,"3,903₹",36,20
Bahrain,CityCentreBahrain,English,13:45,LuxuryVipVip,"3,256₹",64,8
Oman,CityCentreQurum,English,14:00,MaxStandard,869₹,139,3
Oman,CityCentreQurum,English,14:00,MaxPremium,"1,086₹",87,9
Oman,CityCentreSuhar,English,14:00,Standard,652₹,50,0
Oman,CityCentreSuhar,English,14:00,StandardPremium,761₹,28,6
Oman,MallOfOman,English,14:00,GoldStandard,"1,738₹",48,21
Oman,NizwaGrandMall,English,14:00,MaxStandard,652₹,112,0
Oman,NizwaGrandMall,English,14:00,MaxPremium,869₹,110,4
Oman,SuharPlaza,English,14:00,Standard,500₹,251,4
SaudiArabia,RiyadhFrontRiyadh,English,14:00,GoldStandard,"3,179₹",32,25
SaudiArabia,TabukParkTabuk,English,14:00,VipPremium,"1,695₹",56,4
SaudiArabia,TownSquareJeddah,English,14:00,StandardPremium,"1,377₹",76,1
SaudiArabia,TownSquareJeddah,English,14:00,Standard,"1,165₹",75,2
Uae,AbuDhabiMallAbuDhabi,English,14:00,Standard,865₹,92,0
Uae,AbuDhabiMallAbuDhabi,English,14:00,StandardPremium,"1,103₹",42,7
Uae,Burjuman,English,14:00,VipPremium,"1,366₹",50,1
Uae,CityCentreSharjah,English,14:00,VipPremium,"1,367₹",40,0
Uae,MallOfTheEmirates,English,14:00,TheatreStandard,"3,643₹",36,35
Uae,MegaplexCineplexGrandHyatt,English,14:00,Standard,795₹,207,0
Uae,MegaplexCineplexGrandHyatt,English,14:00,StandardPremium,"1,039₹",89,0
Uae,OutdoorAtAloftDubaiCreek,English,14:00,OutdoorAtAloftHotelStandardBachelor,"1,409₹",20,0
Uae,OutdoorAtAloftDubaiCreek,English,14:00,OutdoorAtAloftHotelStandardFamily,"2,819₹",40,6
Uae,TheGalleriaAlMaryahIsland,English,14:00,Couch2SeaterCouch,"2,276₹",50,32
Uae,WafiMallAtWafiCity,English,14:00,SamsungOnyxPremium,"3,643₹",56,8
Uae,YasMallAbuDhabi,English,14:00,MaxStandard,943₹,69,11
Uae,YasMallAbuDhabi,English,14:00,MaxPremium,"1,344₹",126,110
Uae,YasMallAbuDhabi,English,14:00,MaxLounger,867₹,10,1
Uae,AbuDhabiMallAbuDhabi,English,14:00,Standard,867₹,92,33
Uae,AbuDhabiMallAbuDhabi,English,14:00,StandardPremium,"1,105₹",42,34
Uae,MegaplexCineplexGrandHyatt,English,14:10,Standard,796₹,60,1
Uae,MegaplexCineplexGrandHyatt,English,14:10,StandardPremium,"1,040₹",70,14
Kuwait,TheAvenuesKuwait,English,14:15,MaxPremium,"1,287₹",316,204
SaudiArabia,TheRoofRiyadh,English,14:15,StandardPremium,"1,377₹",57,24
SaudiArabia,TheRoofRiyadh,English,14:15,Standard,"1,165₹",41,7
Lebanon,CityCentreBeirut,English,14:15,Standard,"4,531₹",92,13
Lebanon,CityCentreBeirut,English,14:15,StandardVip,"5,064₹",58,18
SaudiArabia,RiyadhFrontRiyadh,English,14:15,GoldStandard,"3,179₹",12,8
SaudiArabia,AtyafMallRiyadh,English,14:15,Vip,"1,695₹",30,20
SaudiArabia,TheEsplanadeRiyadh,English,14:15,GoldStandard,"3,179₹",32,30
Uae,CityCentreDeira,English,14:15,GoldStandard,"2,049₹",40,6
Uae,CityCentreFujairah,English,14:15,VipPremium,"1,366₹",78,18
Uae,NakheelMall,English,14:15,StandardPremium,"1,040₹",40,32
Uae,NationTowersAbuDhabi,English,14:15,VipPremium,"1,626₹",23,16
Bahrain,CityCentreBahrain,English,14:15,Standard,824₹,482,54
Uae,TheGalleriaAlMaryahIsland,English,14:15,StandardPremium,"1,105₹",28,22
Uae,TheGalleriaAlMaryahIsland,English,14:15,Standard,867₹,16,0
SaudiArabia,SaharaMallRiyadh,English,14:25,GoldStandard,"2,331₹",20,18
Uae,TheGalleriaAlMaryahIsland,English,14:25,StandardPremium,"1,105₹",82,70
Uae,TheGalleriaAlMaryahIsland,English,14:25,Standard,867₹,80,28
SaudiArabia,RiyadhParkRiyadh,English,14:30,StandardPremium,"1,907₹",122,15
SaudiArabia,RiyadhParkRiyadh,English,14:30,Standard,"1,695₹",134,4
Egypt,MallOfEgypt,English,14:30,MaxStandard,496₹,118,8
Egypt,MallOfEgypt,English,14:30,MaxPremium,537₹,103,43
Bahrain,VoxCinemasTheAvenues,English,14:30,MaxPremium,"1,395₹",165,18
Bahrain,VoxCinemasTheAvenues,English,14:30,MaxStandard,930₹,104,6
Egypt,CityCentreAlmaza,English,14:30,GoldStandard,909₹,38,34
Oman,CityCentreMuscat,English,14:30,Standard,652₹,36,7
Oman,Salalah,English,14:30,Standard,434₹,106,4
Oman,Salalah,English,14:30,StandardPremium,652₹,112,3
SaudiArabia,TheEsplanadeRiyadh,English,14:30,StandardPremium,"1,377₹",89,32
SaudiArabia,TheEsplanadeRiyadh,English,14:30,Standard,"1,165₹",68,13
Uae,MallOfTheEmirates,English,14:30,Standard,796₹,70,38
Uae,MallOfTheEmirates,English,14:30,StandardPremium,"1,040₹",69,65
Oman,Panorama,English,14:35,Standard,652₹,135,12
Kuwait,TheAvenuesKuwait,English,14:40,HubStandard,"2,575₹",60,50
Kuwait,TheAvenuesKuwait,English,14:40,TheatreStandard,"2,833₹",32,31
Qatar,DohaFestivalCity,English,14:40,MaxWithLaserStandard,"1,312₹",165,22
Qatar,DohaFestivalCity,English,14:40,MaxWithLaserPremium,"1,968₹",128,54
Qatar,DohaOasis,English,14:40,CouchSingleSeaterPremium,"1,640₹",252,2
Qatar,DohaOasis,English,14:40,CouchSingleSeaterStandard,"1,421₹",124,0
Oman,MallOfOman,English,14:40,StandardPremium,933₹,26,14
Oman,MallOfOman,English,14:40,Standard,761₹,19,6
SaudiArabia,RedSeaMallJeddah,English,14:40,GoldStandard,"2,331₹",48,43
Uae,NakheelMall,English,14:40,TheatreStandard,"3,643₹",16,14
Uae,CityCentreMirdif,English,14:40,StandardPremium,"1,040₹",71,45
Uae,CityCentreMirdif,English,14:40,Standard,796₹,70,21
SaudiArabia,RedSeaMallJeddah,English,14:45,StandardPremium,"1,377₹",92,56
SaudiArabia,RedSeaMallJeddah,English,14:45,Standard,"1,165₹",68,14
SaudiArabia,RedSeaMallJeddah,English,14:45,StandardWheelchairSpace,"1,165₹",3,0
SaudiArabia,AlQasrMallRiyadh,English,14:45,MaxPremium,"1,907₹",88,4
SaudiArabia,AlQasrMallRiyadh,English,14:45,MaxStandard,"1,695₹",60,5
SaudiArabia,AlQasrMallRiyadh,English,14:45,MaxLounger,"2,119₹",8,0
Egypt,MallOfEgypt,English,14:45,GoldStandard,909₹,32,25
Kuwait,TheAvenuesKuwait,English,14:45,StandardPremiumFamily,"1,159₹",54,49
Kuwait,TheAvenuesKuwait,English,14:45,StandardPremiumBachelor,"1,159₹",54,27
Kuwait,TheAvenuesKuwait,English,14:45,StandardStandardFamily,901₹,44,12
Kuwait,TheAvenuesKuwait,English,14:45,StandardStandardBachelor,901₹,49,6
Bahrain,VoxCinemasTheAvenues,English,14:45,TheatreStandard,"2,790₹",32,9
Oman,Mgm,English,14:45,MaxPremium,977₹,86,2
Oman,Mgm,English,14:45,MaxStandard,869₹,82,6
Oman,MallOfOman,English,14:45,GoldStandard,"1,738₹",48,26
SaudiArabia,SaharaMallRiyadh,English,14:50,Standard,"1,165₹",61,9
SaudiArabia,SaharaMallRiyadh,English,14:50,StandardPremium,"1,377₹",65,28
SaudiArabia,AtyafMallRiyadh,English,15:00,Standard,"1,165₹",30,0
SaudiArabia,AtyafMallRiyadh,English,15:00,StandardPremium,"1,377₹",32,7
SaudiArabia,HailSquareHail,English,15:00,Standard,"1,165₹",91,0
SaudiArabia,HailSquareHail,English,15:00,StandardPremium,"1,377₹",91,0
SaudiArabia,RiyadhFrontRiyadh,English,15:00,MaxPremium,"1,907₹",146,37
SaudiArabia,RiyadhFrontRiyadh,English,15:00,MaxStandard,"1,695₹",125,0
SaudiArabia,RiyadhFrontRiyadh,English,15:00,MaxLounger,"2,119₹",10,0
SaudiArabia,TheRoofRiyadh,English,15:00,VipPremium,"1,695₹",48,31
Uae,NationTowersAbuDhabi,English,15:00,VipPremium,"1,626₹",23,20
Uae,AlHamraMallRasAlKhaimah,English,15:00,Standard,796₹,134,8
Uae,AlHamraMallRasAlKhaimah,English,15:00,StandardPremium,"1,040₹",62,7
Uae,Burjuman,English,15:00,StandardPremium,"1,040₹",74,11
Uae,Burjuman,English,15:00,Standard,796₹,50,9
Uae,WafiMallAtWafiCity,English,15:00,TheatreStandard,"3,643₹",66,24
Uae,WafiMallAtWafiCity,English,15:00,Standard,796₹,52,8
Uae,WafiMallAtWafiCity,English,15:00,StandardPremium,"1,040₹",91,38
SaudiArabia,SaharaMallRiyadh,English,15:00,GoldStandard,"2,331₹",30,25
Lebanon,CityCentreBeirut,English,15:10,Standard,"4,531₹",134,16
Lebanon,CityCentreBeirut,English,15:10,StandardPremium,"5,064₹",161,18
Uae,CityCentreAlZahia,English,15:15,GoldStandard,"1,469₹",32,30
SaudiArabia,TheSpotSheikhJaberRiyadh,English,15:15,Standard,"1,165₹",66,0
SaudiArabia,TheSpotSheikhJaberRiyadh,English,15:15,StandardPremium,"1,377₹",65,2
Egypt,MallOfEgypt,English,15:15,Standard,454₹,130,7
Egypt,MallOfEgypt,English,15:15,StandardVip,496₹,126,53
SaudiArabia,RedSeaMallJeddah,English,15:15,StandardPremium,"1,377₹",66,35
SaudiArabia,RedSeaMallJeddah,English,15:15,Standard,"1,165₹",60,9
SaudiArabia,RedSeaMallJeddah,English,15:15,StandardWheelchairSpace,"1,165₹",3,0
Qatar,DohaFestivalCity,English,15:15,TheatreStandard,"3,828₹",23,20
Uae,AlJimiMall,English,15:15,TheatreStandard,"3,903₹",32,12
Uae,CityCentreMirdif,English,15:15,TheatreStandard,"3,643₹",40,15
Uae,TheGalleriaAlMaryahIsland,English,15:15,TheatreStandard,"3,903₹",32,31
Uae,NakheelMall,English,15:20,TheatreStandard,"3,643₹",16,15
SaudiArabia,JubailGalleriaMallJubail,English,15:20,Standard,"1,377₹",85,8
SaudiArabia,TownSquareJeddah,English,15:20,StandardPremium,"1,377₹",76,5
SaudiArabia,TownSquareJeddah,English,15:20,Standard,"1,165₹",75,6
SaudiArabia,SaharaMallRiyadh,English,15:20,StandardPremium,"1,377₹",48,23
SaudiArabia,SaharaMallRiyadh,English,15:20,Standard,"1,165₹",48,9
Uae,AbuDhabiMallAbuDhabi,English,15:30,MaxStandard,943₹,68,4
Uae,AbuDhabiMallAbuDhabi,English,15:30,MaxPremium,"1,192₹",98,19
Uae,CityCentreFujairah,English,15:30,MaxStandard,867₹,141,6
Uae,CityCentreFujairah,English,15:30,MaxPremium,"1,138₹",110,51
Uae,NakheelMall,English,15:30,MaxWithLaserPremium,"1,252₹",250,80
Uae,YasMallAbuDhabi,English,15:30,TheatreStandard,"3,903₹",36,34
Uae,YasMallAbuDhabi,English,15:30,MaxStandard,943₹,260,50
Uae,YasMallAbuDhabi,English,15:30,MaxPremium,"1,344₹",196,143
Uae,YasMallAbuDhabi,English,15:30,MaxLounger,867₹,14,3
SaudiArabia,TabukParkTabuk,English,15:30,Standard,"1,165₹",73,1
SaudiArabia,TabukParkTabuk,English,15:30,StandardPremium,"1,377₹",70,3
SaudiArabia,WestAvenueMallDammam,English,15:30,MaxPremium,"1,907₹",98,7
SaudiArabia,WestAvenueMallDammam,English,15:30,MaxStandard,"1,695₹",126,4
Egypt,CityCentreAlmaza,English,15:30,MaxPremium,537₹,46,40
Egypt,CityCentreAlmaza,English,15:30,MaxStandard,496₹,99,41
Oman,CityCentreQurum,English,15:30,Standard,761₹,53,5
Oman,CityCentreQurum,English,15:30,StandardPremium,933₹,59,4
Oman,MallOfOman,English,15:30,GoldStandard,"1,736₹",48,16
SaudiArabia,KingdomCentreRiyadh,English,15:30,VipStandard,"3,179₹",24,23
SaudiArabia,RiyadhParkRiyadh,English,15:30,VipPremium,"1,695₹",34,32
SaudiArabia,TheSpotSheikhJaberRiyadh,English,15:30,VipPremium,"1,695₹",46,11
Uae,AlHamraMallRasAlKhaimah,English,15:30,VipPremium,"1,366₹",18,17
Uae,Burjuman,English,15:30,VipPremium,"1,368₹",50,16
Uae,CityCentreAjman,English,15:30,MaxStandard,954₹,180,10
Uae,CityCentreAjman,English,15:30,MaxPremium,"1,246₹",189,12
Uae,CityCentreAlZahia,English,15:30,Couch2SeaterCouch,"2,276₹",70,48
Uae,CityCentreDeira,English,15:30,GoldStandard,"2,049₹",32,6
Uae,CityCentreMirdif,English,15:30,StandardPremium,"1,040₹",128,93
Uae,CityCentreMirdif,English,15:30,Standard,796₹,133,44
Uae,MallOfTheEmirates,English,15:30,Standard,796₹,75,46
Uae,MallOfTheEmirates,English,15:30,StandardPremium,"1,040₹",102,96
Uae,WafiMallAtWafiCity,English,15:30,TheatreStandard,"3,643₹",42,20
Oman,MallOfOman,English,15:30,GoldStandard,"1,738₹",48,30
Bahrain,VoxCinemasTheAvenues,English,15:30,Standard,930₹,82,10
Bahrain,VoxCinemasTheAvenues,English,15:30,StandardPremium,"1,162₹",38,18
Uae,CityCentreDeira,English,15:45,StandardPremium,"1,040₹",105,44
Uae,CityCentreDeira,English,15:45,Standard,796₹,154,35
Uae,NationTowersAbuDhabi,English,15:45,StandardPremium,"1,344₹",60,47
Uae,NationTowersAbuDhabi,English,15:45,Standard,867₹,64,16
Bahrain,VoxCinemasTheAvenues,English,15:45,TheatreStandard,"2,790₹",32,8
SaudiArabia,RedSeaMallJeddah,English,15:45,StandardPremium,"1,377₹",92,60
SaudiArabia,RedSeaMallJeddah,English,15:45,Standard,"1,165₹",68,11
SaudiArabia,RedSeaMallJeddah,English,15:45,StandardWheelchairSpace,"1,165₹",3,0
SaudiArabia,RiyadhFrontRiyadh,English,15:45,StandardPremium,"1,377₹",65,27
SaudiArabia,RiyadhFrontRiyadh,English,15:45,Standard,"1,165₹",70,8
Qatar,DohaOasis,English,15:45,VipStandard,"3,828₹",16,10
Uae,CityCentreMirdif,English,15:45,TheatreStandard,"3,643₹",40,26
SaudiArabia,TheEsplanadeRiyadh,English,15:50,MaxPremium,"1,907₹",142,73
SaudiArabia,TheEsplanadeRiyadh,English,15:50,MaxStandard,"1,695₹",125,4
SaudiArabia,TheEsplanadeRiyadh,English,15:50,MaxLounger,"2,119₹",6,0
Oman,CityCentreSuhar,English,15:50,MaxPremium,869₹,146,4
Oman,CityCentreSuhar,English,15:50,MaxStandard,652₹,148,0
SaudiArabia,SaharaMallRiyadh,English,15:50,Standard,"1,165₹",61,11
SaudiArabia,SaharaMallRiyadh,English,15:50,StandardPremium,"1,377₹",65,31
Uae,TheGalleriaAlMaryahIsland,English,16:00,Premium,"1,734₹",173,52
Kuwait,TheAvenuesKuwait,English,16:00,TheatreStandard,"2,833₹",32,30
Lebanon,CityCentreBeirut,English,16:00,GoldStandard,"6,929₹",22,17
Qatar,DohaFestivalCity,English,16:00,Standard,875₹,61,36
Qatar,DohaFestivalCity,English,16:00,StandardPremium,"1,093₹",82,75
Qatar,DohaOasis,English,16:00,Standard,984₹,116,19
Oman,Azaiba,English,16:00,Standard,587₹,102,4
Oman,CityCentreMuscat,English,16:00,MaxStandard,869₹,147,21
Oman,CityCentreMuscat,English,16:00,MaxPremium,"1,086₹",114,20
Oman,MallOfOman,English,16:00,StandardPremium,933₹,82,20
Oman,MallOfOman,English,16:00,Standard,761₹,150,9
SaudiArabia,AlQasrMallRiyadh,English,16:00,StandardPremium,"1,377₹",57,5
SaudiArabia,AlQasrMallRiyadh,English,16:00,Standard,"1,165₹",56,0
SaudiArabia,HailSquareHail,English,16:00,VipPremium,"1,695₹",48,2
SaudiArabia,RiyadhFrontRiyadh,English,16:00,GoldStandard,"3,179₹",32,26
Uae,MegaplexCineplexGrandHyatt,English,16:00,Standard,798₹,36,0
Uae,MegaplexCineplexGrandHyatt,English,16:00,StandardPremium,"1,042₹",58,0
Uae,WafiMallAtWafiCity,English,16:00,GoldStandard,"2,049₹",42,25
Bahrain,CityCentreBahrain,English,16:00,LuxuryVipVip,"3,256₹",64,10
Uae,TheGalleriaAlMaryahIsland,English,16:05,TheatreStandard,"3,903₹",32,31
Uae,NakheelMall,English,16:10,TheatreStandard,"3,643₹",16,15
Uae,AlHamraMallRasAlKhaimah,English,16:15,MaxStandard,867₹,171,17
Uae,AlHamraMallRasAlKhaimah,English,16:15,MaxPremium,"1,138₹",100,16
Uae,AlHamraMallRasAlKhaimah,English,16:15,MaxBalcony,"1,366₹",22,4
Uae,CityCentreAlZahia,English,16:15,MaxPremium,"1,252₹",202,120
Uae,CityCentreAlZahia,English,16:15,MaxStandard,867₹,128,21
Uae,CityCentreAlZahia,English,16:15,MaxLounger,796₹,14,0
Uae,MallOfTheEmirates,English,16:15,Standard,796₹,80,63
Uae,MallOfTheEmirates,English,16:15,StandardPremium,"1,040₹",106,99
Uae,Mercato,English,16:15,Standard,796₹,76,27
Uae,Mercato,English,16:15,StandardPremium,"1,252₹",101,90
Uae,CityCentreMirdif,English,16:15,MaxStandard,867₹,168,42
Uae,CityCentreMirdif,English,16:15,MaxVip,"1,252₹",208,157
Bahrain,VoxCinemasTheAvenues,English,16:15,Standard,930₹,96,23
Bahrain,VoxCinemasTheAvenues,English,16:15,StandardPremium,"1,162₹",32,8
Egypt,CityCentreAlmaza,English,16:15,StandardPremium,496₹,88,51
Egypt,CityCentreAlmaza,English,16:15,Standard,454₹,132,13
Oman,Shatti,English,16:15,Standard,652₹,273,5
Oman,SuharPlaza,English,16:15,Standard,500₹,251,4
SaudiArabia,RiyadhFrontRiyadh,English,16:15,StandardPremium,"1,377₹",65,40
SaudiArabia,RiyadhFrontRiyadh,English,16:15,Standard,"1,165₹",70,9
SaudiArabia,WestAvenueMallDammam,English,16:15,StandardPremium,"1,377₹",84,22
SaudiArabia,WestAvenueMallDammam,English,16:15,Standard,"1,165₹",74,5
Qatar,DohaOasis,English,16:15,VipStandard,"3,828₹",20,19
Uae,AlJimiMall,English,16:15,MaxPremium,"1,344₹",94,94
Uae,AlJimiMall,English,16:15,MaxStandard,943₹,59,14
Uae,CityCentreAlZahia,English,16:15,GoldStandard,"1,469₹",40,37
Uae,CityCentreFujairah,English,16:15,Standard,796₹,86,20
Uae,CityCentreFujairah,English,16:15,StandardPremium,"1,040₹",67,9
Uae,NakheelMall,English,16:15,StandardPremium,"1,040₹",90,81
Uae,NationTowersAbuDhabi,English,16:15,StandardPremium,"1,344₹",60,28
Uae,NationTowersAbuDhabi,English,16:15,Standard,867₹,64,9
Uae,WafiMallAtWafiCity,English,16:15,MaxStandard,867₹,191,0
Uae,WafiMallAtWafiCity,English,16:15,MaxPremium,"1,138₹",277,61
Uae,TheGalleriaAlMaryahIsland,English,16:15,StandardPremium,"1,105₹",29,28
Uae,TheGalleriaAlMaryahIsland,English,16:15,Standard,867₹,26,25
Oman,CityCentreSuhar,English,16:20,Standard,652₹,50,0
Oman,CityCentreSuhar,English,16:20,StandardPremium,761₹,28,4
SaudiArabia,TownSquareJeddah,English,16:20,StandardPremium,"1,377₹",76,24
SaudiArabia,TownSquareJeddah,English,16:20,Standard,"1,165₹",75,19
Uae,AbuDhabiMallAbuDhabi,English,16:25,Standard,865₹,92,0
Uae,AbuDhabiMallAbuDhabi,English,16:25,StandardPremium,"1,103₹",42,7
Uae,CityCentreMirdif,English,16:30,TheatreStandard,"3,643₹",40,31
Oman,CityCentreMuscat,English,16:30,Standard,652₹,36,8
Oman,CityCentreQurum,English,16:30,MaxStandard,869₹,139,3
Oman,CityCentreQurum,English,16:30,MaxPremium,"1,086₹",87,10
Oman,MallOfOman,English,16:30,GoldStandard,"1,738₹",48,28
Oman,NizwaGrandMall,English,16:30,MaxStandard,652₹,112,1
Oman,NizwaGrandMall,English,16:30,MaxPremium,869₹,110,6
SaudiArabia,JubailGalleriaMallJubail,English,16:30,Standard,"1,377₹",85,29
SaudiArabia,RiyadhFrontRiyadh,English,16:30,GoldStandard,"3,179₹",32,28
SaudiArabia,TabukParkTabuk,English,16:30,VipPremium,"1,695₹",56,4
Uae,NationTowersAbuDhabi,English,16:30,Standard,867₹,36,6
Uae,NationTowersAbuDhabi,English,16:30,StandardPremium,"1,344₹",48,36
Uae,Burjuman,English,16:30,VipPremium,"1,366₹",50,7
Uae,CityCentreSharjah,English,16:30,VipPremium,"1,367₹",40,0
Uae,MegaplexCineplexGrandHyatt,English,16:30,Standard,795₹,207,0
Uae,MegaplexCineplexGrandHyatt,English,16:30,StandardPremium,"1,039₹",89,0
Uae,YasMallAbuDhabi,English,16:30,TheatreStandard,"3,903₹",36,34
Uae,YasMallAbuDhabi,English,16:30,MaxStandard,943₹,69,22
Uae,YasMallAbuDhabi,English,16:30,MaxPremium,"1,344₹",126,112
Uae,YasMallAbuDhabi,English,16:30,MaxLounger,867₹,10,0
Uae,AbuDhabiMallAbuDhabi,English,16:30,Standard,867₹,92,12
Uae,AbuDhabiMallAbuDhabi,English,16:30,StandardPremium,"1,105₹",42,21
Bahrain,CityCentreBahrain,English,16:30,Standard,824₹,482,85
Oman,Sur,English,16:35,Standard,500₹,252,6
Uae,MegaplexCineplexGrandHyatt,English,16:35,Standard,796₹,60,19
Uae,MegaplexCineplexGrandHyatt,English,16:35,StandardPremium,"1,040₹",70,50
SaudiArabia,SaharaMallRiyadh,English,16:40,GoldStandard,"2,331₹",20,18
Uae,NakheelMall,English,16:40,StandardPremium,"1,040₹",42,39
Kuwait,TheAvenuesKuwait,English,16:45,MaxPremium,"1,287₹",316,238
SaudiArabia,TheRoofRiyadh,English,16:45,StandardPremium,"1,377₹",57,46
SaudiArabia,TheRoofRiyadh,English,16:45,Standard,"1,165₹",41,6
Lebanon,CityCentreBeirut,English,16:45,Standard,"4,531₹",92,15
Lebanon,CityCentreBeirut,English,16:45,StandardVip,"5,064₹",58,36
SaudiArabia,AtyafMallRiyadh,English,16:45,Vip,"1,695₹",30,11
SaudiArabia,TheEsplanadeRiyadh,English,16:45,GoldStandard,"3,179₹",32,30
Qatar,DohaFestivalCity,English,16:45,TheatreStandard,"3,828₹",23,22
Uae,CityCentreFujairah,English,16:45,VipPremium,"1,366₹",78,17
Uae,WafiMallAtWafiCity,English,16:45,SamsungOnyxPremium,"3,643₹",56,30
Uae,MallOfTheEmirates,English,16:45,Standard,796₹,35,31
Uae,MallOfTheEmirates,English,16:45,StandardPremium,"1,040₹",42,40
Oman,Panorama,English,16:55,Standard,652₹,135,7
Uae,TheGalleriaAlMaryahIsland,English,16:55,StandardPremium,"1,105₹",82,74
Uae,TheGalleriaAlMaryahIsland,English,16:55,Standard,867₹,80,34
SaudiArabia,RiyadhParkRiyadh,English,17:00,StandardPremium,"1,907₹",122,24
SaudiArabia,RiyadhParkRiyadh,English,17:00,Standard,"1,695₹",134,2
SaudiArabia,AlQasrMallRiyadh,English,17:00,MaxPremium,"1,907₹",88,6
SaudiArabia,AlQasrMallRiyadh,English,17:00,MaxStandard,"1,695₹",60,0
SaudiArabia,AlQasrMallRiyadh,English,17:00,MaxLounger,"2,119₹",8,0
Bahrain,VoxCinemasTheAvenues,English,17:00,MaxPremium,"1,395₹",165,24
Bahrain,VoxCinemasTheAvenues,English,17:00,MaxStandard,930₹,104,2
Qatar,DohaFestivalCity,English,17:00,MaxWithLaserStandard,"1,312₹",165,6
Qatar,DohaFestivalCity,English,17:00,MaxWithLaserPremium,"1,968₹",128,30
Qatar,DohaOasis,English,17:00,CouchSingleSeaterPremium,"1,640₹",252,16
Qatar,DohaOasis,English,17:00,CouchSingleSeaterStandard,"1,421₹",124,0
Oman,Salalah,English,17:00,Standard,434₹,106,0
Oman,Salalah,English,17:00,StandardPremium,652₹,112,3
Uae,CityCentreAjman,English,17:00,StandardPremium,"1,127₹",44,12
Uae,CityCentreDeira,English,17:00,GoldStandard,"2,049₹",40,8
Uae,CityCentreDeira,English,17:00,Standard,796₹,96,30
Uae,CityCentreDeira,English,17:00,StandardPremium,"1,040₹",57,36
Uae,MallOfTheEmirates,English,17:00,Standard,796₹,70,54
Uae,MallOfTheEmirates,English,17:00,StandardPremium,"1,040₹",69,69
Uae,Mercato,English,17:00,Standard,796₹,50,21
Uae,Mercato,English,17:00,StandardPremium,"1,252₹",58,55
Uae,TheGalleriaAlMaryahIsland,English,17:05,TheatreStandard,"3,903₹",32,27
Kuwait,TheAvenuesKuwait,English,17:10,StandardPremiumFamily,"1,159₹",54,43
Kuwait,TheAvenuesKuwait,English,17:10,StandardPremiumBachelor,"1,159₹",54,27
Kuwait,TheAvenuesKuwait,English,17:10,StandardStandardFamily,901₹,44,8
Kuwait,TheAvenuesKuwait,English,17:10,StandardStandardBachelor,901₹,49,2
Oman,Mgm,English,17:10,MaxPremium,977₹,86,4
Oman,Mgm,English,17:10,MaxStandard,869₹,82,10
SaudiArabia,HailSquareHail,English,17:15,Standard,"1,165₹",91,5
SaudiArabia,HailSquareHail,English,17:15,StandardPremium,"1,377₹",91,0
SaudiArabia,RedSeaMallJeddah,English,17:15,StandardPremium,"1,377₹",92,74
SaudiArabia,RedSeaMallJeddah,English,17:15,Standard,"1,165₹",68,5
SaudiArabia,RedSeaMallJeddah,English,17:15,StandardWheelchairSpace,"1,165₹",3,0
SaudiArabia,SaharaMallRiyadh,English,17:15,Standard,"1,165₹",61,12
SaudiArabia,SaharaMallRiyadh,English,17:15,StandardPremium,"1,377₹",65,45
Egypt,MallOfEgypt,English,17:15,MaxStandard,496₹,118,5
Egypt,MallOfEgypt,English,17:15,MaxPremium,537₹,103,59
Egypt,CityCentreAlmaza,English,17:15,GoldStandard,909₹,38,37
Oman,MallOfOman,English,17:15,GoldStandard,"1,738₹",48,21
SaudiArabia,AtyafMallRiyadh,English,17:30,Standard,"1,165₹",30,4
SaudiArabia,AtyafMallRiyadh,English,17:30,StandardPremium,"1,377₹",32,14
SaudiArabia,TheSpotSheikhJaberRiyadh,English,17:30,Standard,"1,165₹",66,5
SaudiArabia,TheSpotSheikhJaberRiyadh,English,17:30,StandardPremium,"1,377₹",65,2
SaudiArabia,RiyadhFrontRiyadh,English,17:30,MaxPremium,"1,907₹",146,96
SaudiArabia,RiyadhFrontRiyadh,English,17:30,MaxStandard,"1,695₹",125,0
SaudiArabia,RiyadhFrontRiyadh,English,17:30,MaxLounger,"2,119₹",10,2
Egypt,MallOfEgypt,English,17:30,GoldStandard,909₹,32,17
Bahrain,VoxCinemasTheAvenues,English,17:30,TheatreStandard,"2,790₹",32,21
Lebanon,CityCentreBeirut,English,17:30,Standard,"4,531₹",134,21
Lebanon,CityCentreBeirut,English,17:30,StandardPremium,"5,064₹",161,13
SaudiArabia,TheRoofRiyadh,English,17:30,VipPremium,"1,695₹",48,35
Uae,WafiMallAtWafiCity,English,17:30,Standard,796₹,52,6
Uae,WafiMallAtWafiCity,English,17:30,StandardPremium,"1,040₹",91,54
Uae,YasMallAbuDhabi,English,17:30,Standard,867₹,60,10
Uae,YasMallAbuDhabi,English,17:30,StandardPremium,"1,105₹",83,43
SaudiArabia,TownSquareJeddah,English,17:40,StandardPremium,"1,377₹",76,15
SaudiArabia,TownSquareJeddah,English,17:40,Standard,"1,165₹",75,10
SaudiArabia,RedSeaMallJeddah,English,17:40,StandardPremium,"1,377₹",66,60
SaudiArabia,RedSeaMallJeddah,English,17:40,Standard,"1,165₹",60,16
SaudiArabia,RedSeaMallJeddah,English,17:40,StandardWheelchairSpace,"1,165₹",3,0
SaudiArabia,TabukParkTabuk,English,17:45,Standard,"1,165₹",73,0
SaudiArabia,TabukParkTabuk,English,17:45,StandardPremium,"1,377₹",70,4
Egypt,CityCentreAlmaza,English,17:45,GoldStandard,909₹,34,30
SaudiArabia,TheEsplanadeRiyadh,English,17:45,StandardPremium,"1,377₹",89,56
SaudiArabia,TheEsplanadeRiyadh,English,17:45,Standard,"1,165₹",66,15
SaudiArabia,SaharaMallRiyadh,English,17:45,StandardPremium,"1,377₹",48,28
SaudiArabia,SaharaMallRiyadh,English,17:45,Standard,"1,165₹",48,4
SaudiArabia,TheSpotSheikhJaberRiyadh,English,17:45,VipPremium,"1,695₹",46,4
Uae,YasMallAbuDhabi,English,17:45,Standard,867₹,39,12
Uae,YasMallAbuDhabi,English,17:45,StandardPremium,"1,105₹",40,15
Uae,NationTowersAbuDhabi,English,17:45,VipPremium,"1,626₹",23,19
Uae,WafiMallAtWafiCity,English,17:45,GoldStandard,"2,049₹",42,21
SaudiArabia,JubailGalleriaMallJubail,English,17:50,Standard,"1,377₹",85,8
SaudiArabia,WestAvenueMallDammam,English,18:00,MaxPremium,"1,907₹",98,20
SaudiArabia,WestAvenueMallDammam,English,18:00,MaxStandard,"1,695₹",126,1
Egypt,MallOfEgypt,English,18:00,Standard,454₹,130,9
Egypt,MallOfEgypt,English,18:00,StandardVip,496₹,126,46
SaudiArabia,RiyadhParkRiyadh,English,18:00,VipPremium,"1,695₹",34,28
SaudiArabia,RedSeaMallJeddah,English,18:05,GoldStandard,"2,331₹",48,44
Uae,NationTowersAbuDhabi,English,18:15,StandardPremium,"1,344₹",60,20
Uae,NationTowersAbuDhabi,English,18:15,Standard,867₹,64,8
Uae,YasMallAbuDhabi,English,18:15,TheatreStandard,"3,903₹",36,30
SaudiArabia,TheEsplanadeRiyadh,English,18:15,MaxPremium,"1,907₹",142,104
SaudiArabia,TheEsplanadeRiyadh,English,18:15,MaxStandard,"1,695₹",125,7
SaudiArabia,TheEsplanadeRiyadh,English,18:15,MaxLounger,"2,119₹",6,0
Egypt,MallOfEgypt,English,18:15,GoldStandard,909₹,35,34
Egypt,CityCentreAlmaza,English,18:15,StandardPremium,496₹,42,33
Egypt,CityCentreAlmaza,English,18:15,MaxPremium,537₹,46,46
Egypt,CityCentreAlmaza,English,18:15,MaxStandard,496₹,99,64
Oman,CityCentreSuhar,English,18:15,MaxPremium,869₹,146,8
Oman,CityCentreSuhar,English,18:15,MaxStandard,652₹,148,2
Oman,NizwaGrandMall,English,18:15,Standard,652₹,28,0
Oman,NizwaGrandMall,English,18:15,StandardPremium,761₹,30,3
SaudiArabia,TheRoofRiyadh,English,18:15,StandardPremium,"1,377₹",45,45
SaudiArabia,TheRoofRiyadh,English,18:15,Standard,"1,165₹",32,12
SaudiArabia,AlQasrMallRiyadh,English,18:15,StandardPremium,"1,377₹",57,3
SaudiArabia,AlQasrMallRiyadh,English,18:15,Standard,"1,165₹",56,2
SaudiArabia,HailSquareHail,English,18:15,VipPremium,"1,695₹",48,5
SaudiArabia,RedSeaMallJeddah,English,18:15,StandardPremium,"1,377₹",92,86
SaudiArabia,RedSeaMallJeddah,English,18:15,Standard,"1,165₹",68,15
SaudiArabia,RedSeaMallJeddah,English,18:15,StandardWheelchairSpace,"1,165₹",3,2
SaudiArabia,RiyadhFrontRiyadh,English,18:15,StandardPremium,"1,377₹",65,54
SaudiArabia,RiyadhFrontRiyadh,English,18:15,Standard,"1,165₹",70,21
Uae,NationTowersAbuDhabi,English,18:15,VipPremium,"1,626₹",21,19
Uae,WafiMallAtWafiCity,English,18:15,TheatreStandard,"3,643₹",66,32
SaudiArabia,SaharaMallRiyadh,English,18:15,Standard,"1,165₹",61,12
SaudiArabia,SaharaMallRiyadh,English,18:15,StandardPremium,"1,377₹",65,55
Uae,AlJimiMall,English,18:15,KidsPremium,975₹,47,9
Qatar,DohaFestivalCity,English,18:20,Standard,875₹,61,4
Qatar,DohaFestivalCity,English,18:20,StandardPremium,"1,093₹",82,31
Qatar,DohaOasis,English,18:20,Standard,984₹,116,4
Oman,CityCentreMuscat,English,18:20,MaxStandard,869₹,147,11
Oman,CityCentreMuscat,English,18:20,MaxPremium,"1,086₹",114,7
Oman,MallOfOman,English,18:20,StandardPremium,933₹,82,4
Oman,MallOfOman,English,18:20,Standard,761₹,150,19
Uae,TheGalleriaAlMaryahIsland,English,18:30,Premium,"1,734₹",173,44
Uae,NationTowersAbuDhabi,English,18:30,StandardPremium,"1,344₹",36,14
Uae,NationTowersAbuDhabi,English,18:30,Standard,867₹,36,10
Bahrain,VoxCinemasTheAvenues,English,18:30,TheatreStandard,"2,790₹",32,11
Qatar,DohaOasis,English,18:30,VipStandard,"3,828₹",16,14
Uae,CityCentreDeira,English,18:30,GoldStandard,"2,049₹",32,8
Oman,NizwaGrandMall,English,18:40,Standard,652₹,60,0
Oman,NizwaGrandMall,English,18:40,StandardPremium,761₹,58,4
Oman,Shatti,English,18:40,Standard,652₹,273,5
SaudiArabia,TownSquareJeddah,English,18:40,StandardPremium,"1,377₹",76,12
SaudiArabia,TownSquareJeddah,English,18:40,Standard,"1,165₹",75,4
Uae,AlHamraMallRasAlKhaimah,English,18:45,MaxStandard,867₹,171,13
Uae,AlHamraMallRasAlKhaimah,English,18:45,MaxPremium,"1,138₹",100,16
Uae,AlHamraMallRasAlKhaimah,English,18:45,MaxBalcony,"1,366₹",22,6
Uae,CityCentreAlZahia,English,18:45,MaxPremium,"1,252₹",202,35
Uae,CityCentreAlZahia,English,18:45,MaxStandard,867₹,128,11
Uae,CityCentreAlZahia,English,18:45,MaxLounger,796₹,14,0
Uae,MallOfTheEmirates,English,18:45,Standard,796₹,80,28
Uae,MallOfTheEmirates,English,18:45,StandardPremium,"1,040₹",106,94
Uae,Mercato,English,18:45,Standard,796₹,76,13
Uae,Mercato,English,18:45,StandardPremium,"1,252₹",101,75
Uae,CityCentreMirdif,English,18:45,MaxStandard,867₹,168,12
Uae,CityCentreMirdif,English,18:45,MaxVip,"1,252₹",208,96
Bahrain,VoxCinemasTheAvenues,English,18:45,Standard,930₹,96,11
Bahrain,VoxCinemasTheAvenues,English,18:45,StandardPremium,"1,162₹",32,2
Oman,CityCentreSuhar,English,18:45,Standard,652₹,50,0
Oman,CityCentreSuhar,English,18:45,StandardPremium,761₹,28,4
Oman,SuharPlaza,English,18:45,Standard,500₹,251,4
SaudiArabia,WestAvenueMallDammam,English,18:45,StandardPremium,"1,377₹",84,1
SaudiArabia,WestAvenueMallDammam,English,18:45,Standard,"1,165₹",74,2
Uae,AlJimiMall,English,18:45,MaxPremium,"1,344₹",94,39
Uae,AlJimiMall,English,18:45,MaxStandard,943₹,59,6
Uae,CityCentreAlZahia,English,18:45,GoldStandard,"1,469₹",40,28
Uae,CityCentreFujairah,English,18:45,Standard,796₹,86,4
Uae,CityCentreFujairah,English,18:45,StandardPremium,"1,040₹",67,2
Uae,NakheelMall,English,18:45,TheatreStandard,"3,643₹",16,5
Uae,NakheelMall,English,18:45,StandardPremium,"1,040₹",90,57
Uae,NationTowersAbuDhabi,English,18:45,StandardPremium,"1,344₹",60,13
Uae,NationTowersAbuDhabi,English,18:45,Standard,867₹,64,11
Uae,WafiMallAtWafiCity,English,18:45,TheatreStandard,"3,643₹",42,15
Uae,WafiMallAtWafiCity,English,18:45,MaxStandard,867₹,191,2
Uae,WafiMallAtWafiCity,English,18:45,MaxPremium,"1,138₹",277,13
Bahrain,CityCentreBahrain,English,18:45,Standard,824₹,482,79
Uae,TheGalleriaAlMaryahIsland,English,18:45,StandardPremium,"1,105₹",29,27
Uae,TheGalleriaAlMaryahIsland,English,18:45,Standard,867₹,26,17
Kuwait,TheAvenuesKuwait,English,18:50,TheatreStandard,"2,833₹",32,31
Oman,MallOfOman,English,18:50,GoldStandard,"1,738₹",48,18
Uae,AbuDhabiMallAbuDhabi,English,18:50,Standard,865₹,92,0
Uae,AbuDhabiMallAbuDhabi,English,18:50,StandardPremium,"1,103₹",42,7
SaudiArabia,SaharaMallRiyadh,English,18:55,GoldStandard,"2,331₹",20,19
Uae,TheGalleriaAlMaryahIsland,English,19:00,TheatreStandard,"3,903₹",32,12
SaudiArabia,TheRoofRiyadh,English,19:00,StandardPremium,"1,377₹",57,51
SaudiArabia,TheRoofRiyadh,English,19:00,Standard,"1,165₹",41,4
Egypt,CityCentreAlmaza,English,19:00,StandardPremium,496₹,88,55
Egypt,CityCentreAlmaza,English,19:00,Standard,454₹,132,14
Oman,CityCentreQurum,English,19:00,MaxStandard,869₹,139,1
Oman,CityCentreQurum,English,19:00,MaxPremium,"1,086₹",87,5
Oman,NizwaGrandMall,English,19:00,MaxStandard,652₹,112,0
Oman,NizwaGrandMall,English,19:00,MaxPremium,869₹,110,5
SaudiArabia,JubailGalleriaMallJubail,English,19:00,Standard,"1,377₹",85,5
SaudiArabia,RiyadhFrontRiyadh,English,19:00,GoldStandard,"3,179₹",32,30
SaudiArabia,TabukParkTabuk,English,19:00,VipPremium,"1,695₹",56,2
Qatar,DohaFestivalCity,English,19:00,TheatreStandard,"3,828₹",23,21
Qatar,DohaOasis,English,19:00,VipStandard,"3,828₹",20,14
Uae,AlJimiMall,English,19:00,TheatreStandard,"3,903₹",24,7
Uae,Burjuman,English,19:00,VipPremium,"1,366₹",50,3
Uae,CityCentreSharjah,English,19:00,VipPremium,"1,367₹",40,0
Uae,MallOfTheEmirates,English,19:00,TheatreStandard,"3,643₹",36,35
Uae,MegaplexCineplexGrandHyatt,English,19:00,Standard,795₹,207,0
Uae,MegaplexCineplexGrandHyatt,English,19:00,StandardPremium,"1,039₹",89,0
Uae,NationTowersAbuDhabi,English,19:00,VipPremium,"1,626₹",21,8
Uae,TheGalleriaAlMaryahIsland,English,19:00,Couch2SeaterCouch,"2,276₹",50,30
Uae,YasMallAbuDhabi,English,19:00,MaxStandard,943₹,69,7
Uae,YasMallAbuDhabi,English,19:00,MaxPremium,"1,344₹",126,56
Uae,YasMallAbuDhabi,English,19:00,MaxLounger,867₹,10,0
Uae,YasMallAbuDhabi,English,19:10,TheatreStandard,"3,903₹",36,7
Uae,MegaplexCineplexGrandHyatt,English,19:10,Standard,796₹,60,8
Uae,MegaplexCineplexGrandHyatt,English,19:10,StandardPremium,"1,040₹",70,34
Kuwait,TheAvenuesKuwait,English,19:15,MaxPremium,"1,287₹",316,89
Uae,CityCentreMirdif,English,19:15,TheatreStandard,"3,643₹",40,13
SaudiArabia,AlQasrMallRiyadh,English,19:15,MaxPremium,"1,907₹",88,4
SaudiArabia,AlQasrMallRiyadh,English,19:15,MaxStandard,"1,695₹",60,0
SaudiArabia,AlQasrMallRiyadh,English,19:15,MaxLounger,"2,119₹",8,0
Oman,Panorama,English,19:15,Standard,652₹,135,6
SaudiArabia,RiyadhFrontRiyadh,English,19:15,GoldStandard,"3,179₹",12,10
SaudiArabia,AtyafMallRiyadh,English,19:15,Vip,"1,695₹",30,12
SaudiArabia,TheEsplanadeRiyadh,English,19:15,GoldStandard,"3,179₹",32,31
Uae,CityCentreFujairah,English,19:15,VipPremium,"1,366₹",78,10
Qatar,DohaFestivalCity,English,19:20,MaxWithLaserStandard,"1,312₹",165,3
Qatar,DohaFestivalCity,English,19:20,MaxWithLaserPremium,"1,968₹",128,8
Qatar,DohaOasis,English,19:20,CouchSingleSeaterPremium,"1,640₹",252,4
Qatar,DohaOasis,English,19:20,CouchSingleSeaterStandard,"1,421₹",124,0
Uae,CityCentreAjman,English,19:20,StandardPremium,"1,127₹",44,8
Uae,TheGalleriaAlMaryahIsland,English,19:20,Premium,"1,734₹",82,13
Kuwait,TheAvenuesKuwait,English,19:25,HubStandard,"2,575₹",60,30
SaudiArabia,HailSquareHail,English,19:30,Standard,"1,165₹",91,0
SaudiArabia,HailSquareHail,English,19:30,StandardPremium,"1,377₹",91,0
SaudiArabia,RiyadhParkRiyadh,English,19:30,StandardPremium,"1,907₹",122,4
SaudiArabia,RiyadhParkRiyadh,English,19:30,Standard,"1,695₹",134,2
Bahrain,VoxCinemasTheAvenues,English,19:30,MaxPremium,"1,395₹",165,0
Bahrain,VoxCinemasTheAvenues,English,19:30,MaxStandard,930₹,104,0
Egypt,CityCentreAlmaza,English,19:30,GoldStandard,909₹,38,37
Oman,Mgm,English,19:30,MaxPremium,977₹,86,0
Oman,Mgm,English,19:30,MaxStandard,869₹,82,6
Oman,Salalah,English,19:30,Standard,434₹,106,0
Oman,Salalah,English,19:30,StandardPremium,652₹,112,0
Uae,CityCentreDeira,English,19:30,GoldStandard,"2,049₹",40,2
Uae,MallOfTheEmirates,English,19:30,Standard,796₹,70,15
Uae,MallOfTheEmirates,English,19:30,StandardPremium,"1,040₹",69,57
Uae,Mercato,English,19:30,Standard,796₹,50,10
Uae,Mercato,English,19:30,StandardPremium,"1,252₹",58,16
SaudiArabia,SaharaMallRiyadh,English,19:30,GoldStandard,"2,331₹",30,28
Uae,WafiMallAtWafiCity,English,19:30,Standard,796₹,66,0
Uae,WafiMallAtWafiCity,English,19:30,StandardPremium,"1,040₹",83,0
Kuwait,TheAvenuesKuwait,English,19:35,StandardPremiumFamily,"1,159₹",54,13
Kuwait,TheAvenuesKuwait,English,19:35,StandardPremiumBachelor,"1,159₹",54,9
Kuwait,TheAvenuesKuwait,English,19:35,StandardStandardFamily,901₹,44,4
Kuwait,TheAvenuesKuwait,English,19:35,StandardStandardBachelor,901₹,49,0
SaudiArabia,SaharaMallRiyadh,English,19:40,Standard,"1,165₹",61,7
SaudiArabia,SaharaMallRiyadh,English,19:40,StandardPremium,"1,377₹",65,20
SaudiArabia,RedSeaMallJeddah,English,19:45,StandardPremium,"1,377₹",92,48
SaudiArabia,RedSeaMallJeddah,English,19:45,Standard,"1,165₹",68,5
SaudiArabia,RedSeaMallJeddah,English,19:45,StandardWheelchairSpace,"1,165₹",3,0
SaudiArabia,TheSpotSheikhJaberRiyadh,English,19:45,Standard,"1,165₹",66,0
SaudiArabia,TheSpotSheikhJaberRiyadh,English,19:45,StandardPremium,"1,377₹",65,2
Qatar,DohaOasis,English,19:45,VipStandard,"3,828₹",20,1
Uae,MallOfTheEmirates,English,19:45,TheatreStandard,"3,643₹",36,24
SaudiArabia,RedSeaMallJeddah,English,19:55,GoldStandard,"2,331₹",48,46
SaudiArabia,TheRoofRiyadh,English,19:55,VipPremium,"1,695₹",48,38
SaudiArabia,AtyafMallRiyadh,English,20:00,Standard,"1,165₹",30,0
SaudiArabia,AtyafMallRiyadh,English,20:00,StandardPremium,"1,377₹",32,0
SaudiArabia,TabukParkTabuk,English,20:00,Standard,"1,165₹",73,0
SaudiArabia,TabukParkTabuk,English,20:00,StandardPremium,"1,377₹",70,4
SaudiArabia,TownSquareJeddah,English,20:00,StandardPremium,"1,377₹",76,10
SaudiArabia,TownSquareJeddah,English,20:00,Standard,"1,165₹",75,0
SaudiArabia,RiyadhFrontRiyadh,English,20:00,MaxPremium,"1,907₹",146,21
SaudiArabia,RiyadhFrontRiyadh,English,20:00,MaxStandard,"1,695₹",125,0
SaudiArabia,RiyadhFrontRiyadh,English,20:00,MaxLounger,"2,119₹",10,0
Egypt,MallOfEgypt,English,20:00,MaxStandard,496₹,118,5
Egypt,MallOfEgypt,English,20:00,MaxPremium,537₹,103,33
Egypt,CityCentreAlmaza,English,20:00,GoldStandard,909₹,38,21
SaudiArabia,RiyadhParkRiyadh,English,20:00,StandardPremium,"1,377₹",32,11
SaudiArabia,RiyadhParkRiyadh,English,20:00,Standard,"1,165₹",32,0
SaudiArabia,TheSpotSheikhJaberRiyadh,English,20:00,VipPremium,"1,695₹",46,1
Uae,CityCentreMirdif,English,20:00,TheatreStandard,"3,643₹",40,6
Kuwait,TheAvenuesKuwait,English,20:10,TheatreStandard,"2,833₹",32,29
SaudiArabia,SaharaMallRiyadh,English,20:10,StandardPremium,"1,377₹",48,10
SaudiArabia,SaharaMallRiyadh,English,20:10,Standard,"1,165₹",48,0
Egypt,MallOfEgypt,English,20:15,GoldStandard,909₹,35,31
Bahrain,VoxCinemasTheAvenues,English,20:15,Standard,930₹,23,2
Bahrain,VoxCinemasTheAvenues,English,20:15,StandardPremium,"1,162₹",30,0
SaudiArabia,JubailGalleriaMallJubail,English,20:20,Standard,"1,377₹",85,1
Uae,CityCentreMirdif,English,20:25,StandardPremium,"1,040₹",128,44
Uae,CityCentreMirdif,English,20:25,Standard,796₹,133,17
SaudiArabia,WestAvenueMallDammam,English,20:30,MaxPremium,"1,907₹",98,2
SaudiArabia,WestAvenueMallDammam,English,20:30,MaxStandard,"1,695₹",126,0
Bahrain,VoxCinemasTheAvenues,English,20:30,TheatreStandard,"2,790₹",32,0
SaudiArabia,AlQasrMallRiyadh,English,20:30,StandardPremium,"1,377₹",57,1
SaudiArabia,AlQasrMallRiyadh,English,20:30,Standard,"1,165₹",56,2
SaudiArabia,HailSquareHail,English,20:30,VipPremium,"1,695₹",48,1
SaudiArabia,RiyadhParkRiyadh,English,20:30,VipPremium,"1,695₹",34,14
SaudiArabia,TheEsplanadeRiyadh,English,20:40,MaxPremium,"1,907₹",142,8
SaudiArabia,TheEsplanadeRiyadh,English,20:40,MaxStandard,"1,695₹",125,0
SaudiArabia,TheEsplanadeRiyadh,English,20:40,MaxLounger,"2,119₹",6,0
SaudiArabia,SaharaMallRiyadh,English,20:40,Standard,"1,165₹",61,0
SaudiArabia,SaharaMallRiyadh,English,20:40,StandardPremium,"1,377₹",65,4
Egypt,MallOfEgypt,English,20:45,Standard,454₹,130,0
Egypt,MallOfEgypt,English,20:45,StandardVip,496₹,126,22
SaudiArabia,RedSeaMallJeddah,English,20:45,StandardPremium,"1,377₹",92,18
SaudiArabia,RedSeaMallJeddah,English,20:45,Standard,"1,165₹",68,5
SaudiArabia,RedSeaMallJeddah,English,20:45,StandardWheelchairSpace,"1,165₹",3,0
SaudiArabia,RiyadhFrontRiyadh,English,20:45,StandardPremium,"1,377₹",65,6
SaudiArabia,RiyadhFrontRiyadh,English,20:45,Standard,"1,165₹",70,3
Kuwait,TheAvenuesKuwait,English,20:50,TheatreStandard,"2,833₹",23,15
Egypt,CityCentreAlmaza,English,21:00,MaxPremium,537₹,46,20
Egypt,CityCentreAlmaza,English,21:00,MaxStandard,496₹,99,0
SaudiArabia,RiyadhFrontRiyadh,English,21:00,GoldStandard,"3,179₹",32,6
SaudiArabia,TownSquareJeddah,English,21:00,StandardPremium,"1,377₹",76,8
SaudiArabia,TownSquareJeddah,English,21:00,Standard,"1,165₹",75,0
Bahrain,CityCentreBahrain,English,21:00,Standard,824₹,482,3
SaudiArabia,SaharaMallRiyadh,English,21:10,GoldStandard,"2,331₹",20,4
SaudiArabia,TheRoofRiyadh,English,21:15,StandardPremium,"1,377₹",57,9
SaudiArabia,TheRoofRiyadh,English,21:15,Standard,"1,165₹",41,2
SaudiArabia,RiyadhFrontRiyadh,English,21:15,StandardPremium,"1,377₹",65,0
SaudiArabia,RiyadhFrontRiyadh,English,21:15,Standard,"1,165₹",70,3
SaudiArabia,WestAvenueMallDammam,English,21:15,StandardPremium,"1,377₹",84,0
SaudiArabia,WestAvenueMallDammam,English,21:15,Standard,"1,165₹",74,0
SaudiArabia,AlQasrMallRiyadh,English,21:30,MaxPremium,"1,907₹",88,0
SaudiArabia,AlQasrMallRiyadh,English,21:30,MaxStandard,"1,695₹",60,2
SaudiArabia,AlQasrMallRiyadh,English,21:30,MaxLounger,"2,119₹",8,0
SaudiArabia,TheRoofRiyadh,English,21:30,StandardPremium,"1,377₹",30,1
SaudiArabia,TheRoofRiyadh,English,21:30,Standard,"1,165₹",19,0
SaudiArabia,RiyadhFrontRiyadh,English,21:30,GoldStandard,"3,179₹",32,4
SaudiArabia,TabukParkTabuk,English,21:30,VipPremium,"1,695₹",56,2
Kuwait,TheAvenuesKuwait,English,21:35,TheatreStandard,"2,833₹",32,3
SaudiArabia,RedSeaMallJeddah,English,21:40,GoldStandard,"2,331₹",48,12
Kuwait,TheAvenuesKuwait,English,21:45,MaxPremium,"1,287₹",316,3
Kuwait,TheAvenuesKuwait,English,21:45,HubStandard,"2,575₹",60,12
SaudiArabia,HailSquareHail,English,21:45,Standard,"1,165₹",91,0
SaudiArabia,HailSquareHail,English,21:45,StandardPremium,"1,377₹",91,2
Egypt,CityCentreAlmaza,English,21:45,StandardPremium,496₹,88,16
Egypt,CityCentreAlmaza,English,21:45,Standard,454₹,132,2
SaudiArabia,TheEsplanadeRiyadh,English,21:45,StandardPremium,"1,377₹",32,2
SaudiArabia,TheEsplanadeRiyadh,English,21:45,Standard,"1,165₹",32,4
SaudiArabia,AtyafMallRiyadh,English,21:45,Vip,"1,695₹",30,0
SaudiArabia,TheEsplanadeRiyadh,English,21:45,GoldStandard,"3,179₹",32,0
SaudiArabia,SaharaMallRiyadh,English,21:45,GoldStandard,"2,331₹",30,4
SaudiArabia,RiyadhParkRiyadh,English,22:00,StandardPremium,"1,907₹",122,4
SaudiArabia,RiyadhParkRiyadh,English,22:00,Standard,"1,695₹",134,0
SaudiArabia,SaharaMallRiyadh,English,22:00,Standard,"1,165₹",61,0
SaudiArabia,SaharaMallRiyadh,English,22:00,StandardPremium,"1,377₹",65,0
Kuwait,TheAvenuesKuwait,English,22:00,StandardPremiumFamily,"1,159₹",54,5
Kuwait,TheAvenuesKuwait,English,22:00,StandardPremiumBachelor,"1,159₹",54,1
Kuwait,TheAvenuesKuwait,English,22:00,StandardStandardFamily,901₹,44,2
Kuwait,TheAvenuesKuwait,English,22:00,StandardStandardBachelor,901₹,49,0
SaudiArabia,TheSpotSheikhJaberRiyadh,English,22:00,Standard,"1,165₹",66,0
SaudiArabia,TheSpotSheikhJaberRiyadh,English,22:00,StandardPremium,"1,377₹",65,0
SaudiArabia,RedSeaMallJeddah,English,22:15,StandardPremium,"1,377₹",92,8
SaudiArabia,RedSeaMallJeddah,English,22:15,Standard,"1,165₹",68,0
SaudiArabia,RedSeaMallJeddah,English,22:15,StandardWheelchairSpace,"1,165₹",3,0
SaudiArabia,TheRoofRiyadh,English,22:15,VipPremium,"1,695₹",48,6
SaudiArabia,TheSpotSheikhJaberRiyadh,English,22:15,VipPremium,"1,695₹",46,0
SaudiArabia,TownSquareJeddah,English,22:20,StandardPremium,"1,377₹",76,0
SaudiArabia,TownSquareJeddah,English,22:20,Standard,"1,165₹",75,0
SaudiArabia,KingdomCentreRiyadh,English,22:30,VipStandard,"3,179₹",30,21
SaudiArabia,RiyadhFrontRiyadh,English,22:30,MaxPremium,"1,907₹",146,6
SaudiArabia,RiyadhFrontRiyadh,English,22:30,MaxStandard,"1,695₹",125,6
SaudiArabia,RiyadhFrontRiyadh,English,22:30,MaxLounger,"2,119₹",10,0
SaudiArabia,RiyadhParkRiyadh,English,22:30,StandardPremium,"1,377₹",32,0
SaudiArabia,RiyadhParkRiyadh,English,22:30,Standard,"1,165₹",32,0
SaudiArabia,TheEsplanadeRiyadh,English,22:30,GoldStandard,"3,179₹",20,3
SaudiArabia,RedSeaMallJeddah,English,22:30,GoldStandard,"2,331₹",48,9
SaudiArabia,SaharaMallRiyadh,English,22:30,StandardPremium,"1,377₹",48,3
SaudiArabia,SaharaMallRiyadh,English,22:30,Standard,"1,165₹",48,0
SaudiArabia,TheEsplanadeRiyadh,English,22:30,StandardPremium,"1,377₹",49,2
SaudiArabia,TheEsplanadeRiyadh,English,22:30,Standard,"1,165₹",44,2
Egypt,MallOfEgypt,English,22:45,MaxStandard,496₹,118,5
Egypt,MallOfEgypt,English,22:45,MaxPremium,537₹,103,15
SaudiArabia,KingdomCentreRiyadh,English,22:45,VipStandard,"3,179₹",30,15
SaudiArabia,HailSquareHail,English,22:45,VipPremium,"1,695₹",48,1
SaudiArabia,JubailGalleriaMallJubail,English,22:50,Standard,"1,377₹",85,0
SaudiArabia,WestAvenueMallDammam,English,22:50,MaxPremium,"1,907₹",98,0
SaudiArabia,WestAvenueMallDammam,English,22:50,MaxStandard,"1,695₹",126,0
SaudiArabia,TheEsplanadeRiyadh,English,23:00,MaxPremium,"1,907₹",142,3
SaudiArabia,TheEsplanadeRiyadh,English,23:00,MaxStandard,"1,695₹",125,2
SaudiArabia,TheEsplanadeRiyadh,English,23:00,MaxLounger,"2,119₹",6,0
SaudiArabia,KingdomCentreRiyadh,English,23:00,VipStandard,"3,179₹",24,10
SaudiArabia,RiyadhParkRiyadh,English,23:00,VipPremium,"1,695₹",34,0
SaudiArabia,SaharaMallRiyadh,English,23:00,Standard,"1,165₹",61,0
SaudiArabia,SaharaMallRiyadh,English,23:00,StandardPremium,"1,377₹",65,0
SaudiArabia,RedSeaMallJeddah,English,23:15,GoldStandard,"2,331₹",48,0
SaudiArabia,RedSeaMallJeddah,English,23:15,StandardPremium,"1,377₹",92,10
SaudiArabia,RedSeaMallJeddah,English,23:15,Standard,"1,165₹",68,5
SaudiArabia,RedSeaMallJeddah,English,23:15,StandardWheelchairSpace,"1,165₹",3,0
SaudiArabia,RiyadhFrontRiyadh,English,23:15,StandardPremium,"1,377₹",65,1
SaudiArabia,RiyadhFrontRiyadh,English,23:15,Standard,"1,165₹",70,4
SaudiArabia,TownSquareJeddah,English,23:20,StandardPremium,"1,377₹",76,0
SaudiArabia,TownSquareJeddah,English,23:20,Standard,"1,165₹",75,3
SaudiArabia,TheRoofRiyadh,English,23:30,StandardPremium,"1,377₹",57,4
SaudiArabia,TheRoofRiyadh,English,23:30,Standard,"1,165₹",41,2